deletion_rate	predictability_weight	reward	predictability	reconstructability	args	suffix	autoencoder
0.4	0.75	6.901	4.370947041545165	0.67573703395129	dual_learn_rate=0.02;learn_rate_autoencoder=0.01;learn_rate_memory=2e-05;mom=0.7	Comma_Bugfix.py_146408824	709961927
0.5	0.75	7.3729	4.435439929652804	1.4407931271168737	dual_learn_rate=0.2;learn_rate_autoencoder=0.001;learn_rate_memory=0.0001;mom=0.0	Comma_Bugfix.py_155416360	727001672
0.7	1.0	9.1728	4.585036807053072	3.070818293009054	dual_learn_rate=0.05;learn_rate_autoencoder=0.2;learn_rate_memory=2e-05;mom=0.9	Comma_Bugfix.py_187435905	647336050
0.45	0.0	0.3882	5.0	0.39440583617701974	dual_learn_rate=0.2;learn_rate_autoencoder=0.1;learn_rate_memory=5e-05;mom=0.7	Comma_Bugfix.py_197721402	709961927
0.5	0.0	1.2304	5.0	1.2220205229125904	dual_learn_rate=0.3;learn_rate_autoencoder=0.01;learn_rate_memory=2e-05;mom=0.0	Comma_Bugfix.py_320288919	524811876
0.4	0.25	2.6268	4.424727225199889	0.2737662902226538	dual_learn_rate=0.1;learn_rate_autoencoder=0.001;learn_rate_memory=0.0001;mom=0.3	Comma_Bugfix.py_397459585	516252642
0.5	0.5	6.0093	4.520294401606125	1.5066613126001664	dual_learn_rate=0.2;learn_rate_autoencoder=0.1;learn_rate_memory=1e-05;mom=0.0	oComma_Bugfix.py_41139306	712478284
0.45	0.5	5.5094	4.464434928136876	1.0436432202862032	dual_learn_rate=0.1;learn_rate_autoencoder=0.01;learn_rate_memory=2e-05;mom=0.0	Comma_Bugfix.py_461623663	709961927
0.6	0.5	6.6515	4.58931844295599	2.081811670600074	dual_learn_rate=0.2;learn_rate_autoencoder=0.2;learn_rate_memory=2e-05;mom=0.3	Comma_Bugfix.py_479674832	647336050
0.35	1.0	8.7698	4.3719625613204425	1.0688062642568323	dual_learn_rate=0.02;learn_rate_autoencoder=0.1;learn_rate_memory=5e-05;mom=0.5	Comma_Bugfix.py_493910620	709961927
0.6	0.5	6.3385	4.584465714156566	1.7881285228567523	dual_learn_rate=0.2;learn_rate_autoencoder=0.2;learn_rate_memory=0.0001;mom=0.0	oComma_Bugfix.py_50543278	727001672
0.7	0.75	8.2562	4.607511584458698	2.662006938210032	dual_learn_rate=0.01;learn_rate_autoencoder=0.01;learn_rate_memory=0.0001;mom=0.0	Comma_Bugfix.py_553224757	727001672
0.6	0.0	1.2135	5.0	1.2032213038628197	dual_learn_rate=0.05;learn_rate_autoencoder=0.1;learn_rate_memory=2e-05;mom=0.9	Comma_Bugfix.py_580535074	712478284
0.5	0.0	1.383	5.0	1.3852174790359792	dual_learn_rate=0.01;learn_rate_autoencoder=0.2;learn_rate_memory=1e-05;mom=0.3	Comma_Bugfix.py_593945835	709961927
0.6	0.75	7.8628	4.511427635865293	2.189315008137222	dual_learn_rate=0.2;learn_rate_autoencoder=0.2;learn_rate_memory=5e-05;mom=0.3	Comma_Bugfix.py_598558252	727001672
0.3	0.25	2.8531	4.40490075295682	0.42694210535980853	dual_learn_rate=0.1;learn_rate_autoencoder=0.01;learn_rate_memory=1e-05;mom=0.0	Comma_Bugfix.py_627392029	709961927
0.6	0.5	6.2929	4.535430908505414	1.7567179852516877	dual_learn_rate=0.05;learn_rate_autoencoder=0.01;learn_rate_memory=2e-05;mom=0.7	Comma_Bugfix.py_660608028	524811876
0.45	0.75	7.2992	4.430458338736802	1.295496337122677	dual_learn_rate=0.3;learn_rate_autoencoder=0.01;learn_rate_memory=1e-05;mom=0.3	oComma_Bugfix.py_67756684	709961927
0.7	0.5	7.3204	4.707623037242379	2.6545043790367355	dual_learn_rate=0.02;learn_rate_autoencoder=0.001;learn_rate_memory=1e-05;mom=0.5	Comma_Bugfix.py_688751832	712478284
0.7	0.75	8.2307	4.608002593664466	2.6173304893180114	dual_learn_rate=0.02;learn_rate_autoencoder=0.01;learn_rate_memory=0.0001;mom=0.5	Comma_Bugfix.py_737020226	727001672
0.5	0.75	7.3285	4.4519066140519525	1.3375738175319554	dual_learn_rate=0.1;learn_rate_autoencoder=0.001;learn_rate_memory=5e-05;mom=0.3	Comma_Bugfix.py_747500264	709961927
0.6	0.75	7.9865	4.525151248846504	2.4524799131403663	dual_learn_rate=0.01;learn_rate_autoencoder=0.2;learn_rate_memory=2e-05;mom=0.0	Comma_Bugfix.py_783238660	727001672
0.45	0.75	6.9917	4.396123455124757	0.7723142958228192	dual_learn_rate=0.05;learn_rate_autoencoder=0.1;learn_rate_memory=5e-05;mom=0.9	Comma_Bugfix.py_827945070	712478284
0.5	0.0	0.8198	5.0	0.8122139706880465	dual_learn_rate=0.2;learn_rate_autoencoder=0.01;learn_rate_memory=5e-05;mom=0.0	oComma_Bugfix.py_82926291	709961927
0.35	0.75	6.909	4.371785611631761	0.7073009359899883	dual_learn_rate=0.3;learn_rate_autoencoder=0.1;learn_rate_memory=1e-05;mom=0.7	oComma_Bugfix.py_83687530	712478284
0.35	0.0	0.4467	5.0	0.44482700553915017	dual_learn_rate=0.01;learn_rate_autoencoder=0.01;learn_rate_memory=2e-05;mom=0.3	Comma_Bugfix.py_873465887	709961927
0.3	0.0	0.0905	5.0	0.09276672795133366	dual_learn_rate=0.3;learn_rate_autoencoder=0.001;learn_rate_memory=5e-05;mom=0.9	Comma_Bugfix.py_874411415	647336050
0.5	0.5	5.5717	4.461461781853293	1.1075691584492715	dual_learn_rate=0.2;learn_rate_autoencoder=0.1;learn_rate_memory=5e-05;mom=0.0	oComma_Bugfix.py_88541713	647336050
0.3	0.5	4.5374	4.343486157444654	0.1896388865728056	dual_learn_rate=0.1;learn_rate_autoencoder=0.001;learn_rate_memory=5e-05;mom=0.3	Comma_Bugfix.py_908402401	516252642
0.45	0.5	5.232	4.435378723548422	0.7911935442678042	dual_learn_rate=0.05;learn_rate_autoencoder=0.1;learn_rate_memory=5e-05;mom=0.3	Comma_Bugfix.py_939678401	727001672
0.6	0.25	4.4669	4.670893954199021	1.4190875363441713	dual_learn_rate=0.02;learn_rate_autoencoder=0.01;learn_rate_memory=1e-05;mom=0.9	Comma_Bugfix.py_952757952	709961927
0.45	0.5	4.8837	4.362955271157994	0.5250217973083837	dual_learn_rate=0.3;learn_rate_autoencoder=0.2;learn_rate_memory=5e-05;mom=0.7	x_J_3_W_GPT2.py_116146778	647336050
0.45	0.0	0.2827	5.0	0.28135255932212627	dual_learn_rate=0.01;learn_rate_autoencoder=0.2;learn_rate_memory=5e-05;mom=0.5	x_J_3_W_GPT2.py_179088476	709961927
0.4	0.0	0.1471	5.0	0.14806768494748435	dual_learn_rate=0.02;learn_rate_autoencoder=0.001;learn_rate_memory=5e-05;mom=0.7	x_J_3_W_GPT2.py_191511088	712478284
0.5	0.5	5.1352	4.407857112923376	0.7201669529649841	dual_learn_rate=0.02;learn_rate_autoencoder=0.001;learn_rate_memory=5e-05;mom=0.5	x_J_3_W_GPT2.py_250967824	709961927
0.55	0.5	5.3962	4.435587261494767	0.9698676252974312	dual_learn_rate=0.3;learn_rate_autoencoder=0.1;learn_rate_memory=2e-05;mom=0.9	x_J_3_W_GPT2.py_282352930	727001672
0.4	0.0	0.0983	5.0	0.09806316477386813	dual_learn_rate=0.01;learn_rate_autoencoder=0.001;learn_rate_memory=0.0001;mom=0.9	x_J_3_W_GPT2.py_444273729	709961927
0.55	0.0	0.9477	5.0	0.9516075481397652	dual_learn_rate=0.05;learn_rate_autoencoder=0.1;learn_rate_memory=2e-05;mom=0.5	x_J_3_W_GPT2.py_464657019	647336050
0.5	0.0	0.4799	5.0	0.48403646103445336	dual_learn_rate=0.2;learn_rate_autoencoder=0.2;learn_rate_memory=5e-05;mom=0.5	x_J_3_W_GPT2.py_465577363	727001672
0.55	0.5	5.3072	4.457148080703196	0.8534761834235596	dual_learn_rate=0.2;learn_rate_autoencoder=0.01;learn_rate_memory=0.0001;mom=0.5	x_J_3_W_GPT2.py_498236788	712478284
0.45	0.5	4.8487	4.367341119842899	0.47262519121581736	dual_learn_rate=0.01;learn_rate_autoencoder=0.1;learn_rate_memory=5e-05;mom=0.7	x_J_3_W_GPT2.py_591357781	524811876
0.3	0.0	0.0151	5.0	0.015472513778671336	dual_learn_rate=0.05;learn_rate_autoencoder=0.01;learn_rate_memory=0.0001;mom=0.9	x_J_3_W_GPT2.py_637269688	709961927
0.5	0.5	4.9547	4.414922226111459	0.5501763523795609	dual_learn_rate=0.02;learn_rate_autoencoder=0.1;learn_rate_memory=0.0001;mom=0.9	x_J_3_W_GPT2.py_675784233	647336050
0.3	1.0	8.6333	4.3169877888501285	0.6845081937090461	dual_learn_rate=0.3;learn_rate_autoencoder=0.01;learn_rate_memory=2e-05;mom=0.7	x_J_3_W_GPT2.py_681474707	727001672
0.4	0.0	0.2061	5.0	0.2094935150626754	dual_learn_rate=0.2;learn_rate_autoencoder=0.01;learn_rate_memory=2e-05;mom=0.7	x_J_3_W_GPT2.py_708115795	712478284
0.45	0.5	4.7615	4.387861730099116	0.38944489923200265	dual_learn_rate=0.2;learn_rate_autoencoder=0.001;learn_rate_memory=5e-05;mom=0.5	ix_J_3_W_GPT2.py_73230605	712478284
0.55	0.5	5.4807	4.464309479962598	1.0272394744189965	dual_learn_rate=0.1;learn_rate_autoencoder=0.2;learn_rate_memory=0.0001;mom=0.9	x_J_3_W_GPT2.py_788091576	727001672
0.45	0.0	0.2881	5.0	0.2922940940511985	dual_learn_rate=0.05;learn_rate_autoencoder=0.01;learn_rate_memory=5e-05;mom=0.9	ix_J_3_W_GPT2.py_79010925	524811876
0.55	0.0	0.7648	5.0	0.7613343366613413	dual_learn_rate=0.02;learn_rate_autoencoder=0.2;learn_rate_memory=0.0001;mom=0.7	x_J_3_W_GPT2.py_922774826	727001672
0.55	0.0	1.0659	5.0	1.0632936176169572	dual_learn_rate=0.02;learn_rate_autoencoder=0.2;learn_rate_memory=2e-05;mom=0.5	ix_J_3_W_GPT2.py_94907627	516252642
0.4	0.0	0.3727	5.0	0.36127753125351736	dual_learn_rate=0.2;learn_rate_autoencoder=0.01;learn_rate_memory=2e-05;mom=0.5	ix_J_3_W_GPT2.py_95795388	524811876
0.5	0.5	5.076	4.406224374412054	0.6829565903496616	dual_learn_rate=0.3;learn_rate_autoencoder=0.1;learn_rate_memory=5e-05;mom=0.5	x_J_3_W_GPT2.py_991579562	727001672
0.5	0.0	0.5613	5.0	0.5594226408126471	dual_learn_rate=0.01;learn_rate_autoencoder=0.001;learn_rate_memory=0.0001;mom=0.5	x_J_3_W_GPT2.py_992213137	712478284
0.45	0.0	0.2217	5.0	0.2232633814248299	dual_learn_rate=0.05;learn_rate_autoencoder=0.1;learn_rate_memory=5e-05;mom=0.7	ix_J_3_W_GPT2.py_99767452	647336050
0.3	0.0	0.0306	5.0	0.030615561901209738	dual_learn_rate=0.05;learn_rate_autoencoder=0.001;learn_rate_memory=5e-05;mom=0.9	_J_3_W_GPT2M.py_174187200	709961927
0.55	0.0	0.8126	5.0	0.8167287370739034	dual_learn_rate=0.1;learn_rate_autoencoder=0.1;learn_rate_memory=2e-05;mom=0.7	_J_3_W_GPT2M.py_193988359	727001672
0.5	0.5	5.0497	4.406081621318306	0.6486685740410203	dual_learn_rate=0.3;learn_rate_autoencoder=0.01;learn_rate_memory=5e-05;mom=0.7	_J_3_W_GPT2M.py_278167740	712478284
0.55	0.5	5.2504	4.432241859059474	0.8107596773856749	dual_learn_rate=0.2;learn_rate_autoencoder=0.1;learn_rate_memory=5e-05;mom=0.9	_J_3_W_GPT2M.py_345336356	709961927
0.5	0.25	2.9376	4.423324556921584	0.4825761864706859	dual_learn_rate=0.3;learn_rate_autoencoder=0.01;learn_rate_memory=5e-05;mom=0.9	_J_3_W_GPT2M.py_493283383	647336050
0.55	0.0	0.7711	5.0	0.7737604163136894	dual_learn_rate=0.05;learn_rate_autoencoder=0.01;learn_rate_memory=5e-05;mom=0.9	_J_3_W_GPT2M.py_553302187	524811876
0.5	1.0	8.8698	4.43433757630552	1.459663719066968	dual_learn_rate=0.02;learn_rate_autoencoder=0.001;learn_rate_memory=0.0001;mom=0.7	_J_3_W_GPT2M.py_584015835	647336050
0.4	0.0	0.1364	5.0	0.1341453280548788	dual_learn_rate=0.1;learn_rate_autoencoder=0.2;learn_rate_memory=2e-05;mom=0.9	_J_3_W_GPT2M.py_767406753	712478284
0.3	0.0	0.0563	5.0	0.057588167591109234	dual_learn_rate=0.2;learn_rate_autoencoder=0.1;learn_rate_memory=0.0001;mom=0.5	_J_3_W_GPT2M.py_908049000	524811876
0.5	1.0	8.8098	4.4049333911126105	1.5494654739382137	dual_learn_rate=0.3;learn_rate_autoencoder=0.1;learn_rate_memory=0.0001;mom=0.7	_J_3_W_GPT2M.py_936548541	524811876
0.4	1.0	8.7464	4.373185585285015	1.0517893894180386	dual_learn_rate=0.1;learn_rate_autoencoder=0.1;learn_rate_memory=0.0001;mom=0.5	_J_3_W_GPT2M.py_954662806	712478284
0.4	0.0	0.2283	5.0	0.22743126978586684	dual_learn_rate=0.01;learn_rate_autoencoder=0.01;learn_rate_memory=2e-05;mom=0.7	_J_3_W_GPT2M.py_961536309	516252642
0.45	0.25	2.8	4.428466942216791	0.38928165962736305	dual_learn_rate=0.05;learn_rate_autoencoder=0.2;learn_rate_memory=2e-05;mom=0.7	QC_3_W_GPT2L.py_113455492	524811876
0.35	0.75	6.6072	4.319412548255808	0.26113729067333047	dual_learn_rate=0.1;learn_rate_autoencoder=0.1;learn_rate_memory=0.0001;mom=0.7	QC_3_W_GPT2L.py_139088137	712478284
0.55	0.5	5.3201	4.461498615214326	0.8757112063727187	dual_learn_rate=0.2;learn_rate_autoencoder=0.1;learn_rate_memory=0.0001;mom=0.7	QC_3_W_GPT2L.py_164077158	727001672
0.35	0.25	2.3827	4.359652923755243	0.13938263839746443	dual_learn_rate=0.3;learn_rate_autoencoder=0.01;learn_rate_memory=2e-05;mom=0.5	QC_3_W_GPT2L.py_182281643	516252642
0.35	0.25	2.2609	4.318470422558676	0.07161355199257455	dual_learn_rate=0.05;learn_rate_autoencoder=0.1;learn_rate_memory=0.0001;mom=0.7	x_QC_3_W_GPT2L.py_2364759	709961927
0.4	1.0	8.7046	4.356787793367025	1.1652554256982188	dual_learn_rate=0.1;learn_rate_autoencoder=0.1;learn_rate_memory=2e-05;mom=0.9	QC_3_W_GPT2L.py_319574650	712478284
0.55	1.0	8.858	4.4250811376160355	1.9540257035743682	dual_learn_rate=0.2;learn_rate_autoencoder=0.1;learn_rate_memory=0.0001;mom=0.5	QC_3_W_GPT2L.py_334841046	727001672
0.4	0.5	4.6743	4.350616737259566	0.3263477065133139	dual_learn_rate=0.02;learn_rate_autoencoder=0.01;learn_rate_memory=2e-05;mom=0.7	QC_3_W_GPT2L.py_360804550	524811876
0.5	0.75	7.0247	4.379277047666253	0.9177331350641791	dual_learn_rate=0.02;learn_rate_autoencoder=0.01;learn_rate_memory=5e-05;mom=0.7	QC_3_W_GPT2L.py_406705276	727001672
0.4	0.25	2.5234	4.343733463378278	0.23425464860244521	dual_learn_rate=0.2;learn_rate_autoencoder=0.01;learn_rate_memory=5e-05;mom=0.9	QC_3_W_GPT2L.py_413400057	524811876
0.5	1.0	8.9424	4.471287337875719	1.4273405248139825	dual_learn_rate=0.1;learn_rate_autoencoder=0.1;learn_rate_memory=0.0001;mom=0.9	QC_3_W_GPT2L.py_575057157	712478284
0.45	1.0	8.7316	4.366056277205639	1.343823770121494	dual_learn_rate=0.02;learn_rate_autoencoder=0.1;learn_rate_memory=2e-05;mom=0.7	QC_3_W_GPT2L.py_736237107	712478284
0.55	0.0	0.866	5.0	0.8638181744011711	dual_learn_rate=0.3;learn_rate_autoencoder=0.1;learn_rate_memory=0.0001;mom=0.9	_QC_3_W_GPT2L.py_74858729	524811876
0.6	0.75	7.4804	4.452170551867869	1.5935890360329144	dual_learn_rate=0.01;learn_rate_autoencoder=0.1;learn_rate_memory=0.0001;mom=0.7	QC_3_W_GPT2L.py_751784117	727001672
0.45	0.25	2.8381	4.430535284552607	0.41707034867911696	dual_learn_rate=0.01;learn_rate_autoencoder=0.001;learn_rate_memory=2e-05;mom=0.5	QC_3_W_GPT2L.py_839962200	516252642
0.35	0.25	2.2294	4.3166937053720575	0.04905408419141654	dual_learn_rate=0.2;learn_rate_autoencoder=0.1;learn_rate_memory=5e-05;mom=0.9	QC_3_W_GPT2L.py_842160542	647336050
0.45	0.0	0.2122	5.0	0.2046234358342769	dual_learn_rate=0.1;learn_rate_autoencoder=0.001;learn_rate_memory=0.0001;mom=0.5	QC_3_W_GPT2L.py_964740578	647336050
0.5	0.5	5.0602	4.3844696607681115	0.6568649000104166	dual_learn_rate=0.01;learn_rate_autoencoder=0.1;learn_rate_memory=0.0001;mom=0.9	QC_3_W_GPT2M.py_118571863	709961927
0.4	0.0	0.1046	5.0	0.10675227778079238	dual_learn_rate=0.3;learn_rate_autoencoder=0.01;learn_rate_memory=0.0001;mom=0.7	QC_3_W_GPT2M.py_126537942	712478284
0.6	0.0	0.9623	5.0	0.9628777603658212	dual_learn_rate=0.02;learn_rate_autoencoder=0.1;learn_rate_memory=0.0001;mom=0.7	QC_3_W_GPT2M.py_127309482	524811876
0.4	0.25	2.3518	4.359454283117438	0.11565487565378046	dual_learn_rate=0.01;learn_rate_autoencoder=0.1;learn_rate_memory=0.0001;mom=0.7	QC_3_W_GPT2M.py_133356200	727001672
0.4	0.75	6.7902	4.346106503683077	0.5447462423810828	dual_learn_rate=0.2;learn_rate_autoencoder=0.001;learn_rate_memory=0.0001;mom=0.5	_QC_3_W_GPT2M.py_13336920	709961927
0.35	1.0	8.6981	4.349050716598773	0.9348428980557317	dual_learn_rate=0.3;learn_rate_autoencoder=0.1;learn_rate_memory=0.0001;mom=0.7	QC_3_W_GPT2M.py_145140803	647336050
0.35	0.25	2.2558	4.317885258931512	0.06620021045737118	dual_learn_rate=0.3;learn_rate_autoencoder=0.1;learn_rate_memory=0.0001;mom=0.7	QC_3_W_GPT2M.py_147239155	727001672
0.45	0.5	4.6015	4.362679192560347	0.22981643843865832	dual_learn_rate=0.01;learn_rate_autoencoder=0.2;learn_rate_memory=0.0001;mom=0.9	_QC_3_W_GPT2M.py_16281841	647336050
0.55	0.75	7.2588	4.42489522972357	1.2367044915620466	dual_learn_rate=0.1;learn_rate_autoencoder=0.1;learn_rate_memory=5e-05;mom=0.7	QC_3_W_GPT2M.py_193374069	516252642
0.4	0.25	2.3381	4.347569580389929	0.10830227093967519	dual_learn_rate=0.02;learn_rate_autoencoder=0.01;learn_rate_memory=0.0001;mom=0.7	QC_3_W_GPT2M.py_196977188	727001672
0.45	1.0	8.7612	4.380571588667669	1.3245965533482833	dual_learn_rate=0.1;learn_rate_autoencoder=0.1;learn_rate_memory=0.0001;mom=0.7	QC_3_W_GPT2M.py_205123687	712478284
0.4	1.0	8.7167	4.359440124856631	1.1446999056618414	dual_learn_rate=0.01;learn_rate_autoencoder=0.1;learn_rate_memory=2e-05;mom=0.7	QC_3_W_GPT2M.py_208852386	524811876
0.55	0.0	0.8371	5.0	0.8295341175027383	dual_learn_rate=0.02;learn_rate_autoencoder=0.01;learn_rate_memory=2e-05;mom=0.7	QC_3_W_GPT2M.py_215423136	709961927
0.45	0.5	4.5973	4.371455247397991	0.230955652739147	dual_learn_rate=0.01;learn_rate_autoencoder=0.001;learn_rate_memory=0.0001;mom=0.7	QC_3_W_GPT2M.py_223683235	709961927
0.3	0.75	6.5647	4.302243235575937	0.2269626919755544	dual_learn_rate=0.2;learn_rate_autoencoder=0.1;learn_rate_memory=2e-05;mom=0.9	QC_3_W_GPT2M.py_231119193	712478284
0.6	1.0	8.9647	4.474161080004003	2.0738627502536353	dual_learn_rate=0.01;learn_rate_autoencoder=0.1;learn_rate_memory=2e-05;mom=0.5	QC_3_W_GPT2M.py_233038717	647336050
0.35	0.0	0.0757	5.0	0.07754282903469227	dual_learn_rate=0.3;learn_rate_autoencoder=0.1;learn_rate_memory=0.0001;mom=0.7	QC_3_W_GPT2M.py_243129450	709961927
0.45	0.75	6.9814	4.37423276254148	0.8157266823719359	dual_learn_rate=0.05;learn_rate_autoencoder=0.1;learn_rate_memory=2e-05;mom=0.7	QC_3_W_GPT2M.py_251637057	524811876
0.45	0.25	2.5119	4.395775622669526	0.20656158368275368	dual_learn_rate=0.3;learn_rate_autoencoder=0.1;learn_rate_memory=0.0001;mom=0.7	QC_3_W_GPT2M.py_260125711	727001672
0.45	0.5	4.832	4.368235596918038	0.4701588931548932	dual_learn_rate=0.1;learn_rate_autoencoder=0.1;learn_rate_memory=0.0001;mom=0.7	QC_3_W_GPT2M.py_265054176	524811876
0.45	1.0	8.7676	4.383804605953969	1.4078998222985317	dual_learn_rate=0.05;learn_rate_autoencoder=0.1;learn_rate_memory=2e-05;mom=0.9	QC_3_W_GPT2M.py_269367432	524811876
0.5	1.0	8.8156	4.409409590754201	1.608353478581578	dual_learn_rate=0.02;learn_rate_autoencoder=0.1;learn_rate_memory=5e-05;mom=0.9	_QC_3_W_GPT2M.py_27877760	516252642
0.4	0.75	6.8402	4.380823953488856	0.5314305039392079	dual_learn_rate=0.05;learn_rate_autoencoder=0.1;learn_rate_memory=5e-05;mom=0.9	QC_3_W_GPT2M.py_282416640	516252642
0.35	0.75	6.5782	4.306256799566629	0.22620163130336174	dual_learn_rate=0.01;learn_rate_autoencoder=0.1;learn_rate_memory=0.0001;mom=0.7	QC_3_W_GPT2M.py_324306522	516252642
0.5	0.25	2.8511	4.451185666138947	0.42047703842682094	dual_learn_rate=0.3;learn_rate_autoencoder=0.1;learn_rate_memory=0.0001;mom=0.9	QC_3_W_GPT2M.py_340958261	524811876
0.35	1.0	8.7889	4.3944464193640975	1.000701366372664	dual_learn_rate=0.3;learn_rate_autoencoder=0.001;learn_rate_memory=0.0001;mom=0.9	QC_3_W_GPT2M.py_344850654	712478284
0.6	1.0	9.0038	4.493389976314199	1.9150166046226667	dual_learn_rate=0.01;learn_rate_autoencoder=0.001;learn_rate_memory=0.0001;mom=0.7	QC_3_W_GPT2M.py_347729242	516252642
0.45	0.25	2.7238	4.399755593418193	0.3432433502263824	dual_learn_rate=0.01;learn_rate_autoencoder=0.1;learn_rate_memory=0.0001;mom=0.5	QC_3_W_GPT2M.py_383767785	524811876
0.4	0.0	0.1723	5.0	0.17202604237945496	dual_learn_rate=0.02;learn_rate_autoencoder=0.1;learn_rate_memory=5e-05;mom=0.5	QC_3_W_GPT2M.py_406702640	524811876
0.45	0.5	4.7983	4.371541324625011	0.42014444069976015	dual_learn_rate=0.3;learn_rate_autoencoder=0.1;learn_rate_memory=5e-05;mom=0.7	QC_3_W_GPT2M.py_411811095	727001672
0.55	0.0	0.6596	5.0	0.6623160363648303	dual_learn_rate=0.05;learn_rate_autoencoder=0.1;learn_rate_memory=0.0001;mom=0.9	QC_3_W_GPT2M.py_412365938	712478284
0.35	0.25	2.2539	4.3159896111470015	0.06293188355511936	dual_learn_rate=0.01;learn_rate_autoencoder=0.1;learn_rate_memory=0.0001;mom=0.7	QC_3_W_GPT2M.py_424454569	709961927
0.6	1.0	8.8949	4.452021139264258	2.1185412805304003	dual_learn_rate=0.2;learn_rate_autoencoder=0.2;learn_rate_memory=5e-05;mom=0.7	QC_3_W_GPT2M.py_454692883	516252642
0.4	0.75	6.7744	4.339135152253056	0.5221668024074938	dual_learn_rate=0.1;learn_rate_autoencoder=0.1;learn_rate_memory=0.0001;mom=0.5	QC_3_W_GPT2M.py_480552188	647336050
0.35	1.0	8.697	4.348492596508387	0.9065516784047128	dual_learn_rate=0.1;learn_rate_autoencoder=0.1;learn_rate_memory=0.0001;mom=0.5	QC_3_W_GPT2M.py_480891215	709961927
0.4	0.75	6.7015	4.3293789638517834	0.41085519684334176	dual_learn_rate=0.1;learn_rate_autoencoder=0.1;learn_rate_memory=0.0001;mom=0.7	QC_3_W_GPT2M.py_532416489	647336050
0.6	0.75	7.4534	4.461890939791392	1.4480603356807935	dual_learn_rate=0.05;learn_rate_autoencoder=0.1;learn_rate_memory=0.0001;mom=0.7	_QC_3_W_GPT2M.py_54150321	647336050
0.5	0.5	5.0105	4.407063709258768	0.6153248513236863	dual_learn_rate=0.02;learn_rate_autoencoder=0.1;learn_rate_memory=0.0001;mom=0.7	_QC_3_W_GPT2M.py_54220181	712478284
0.55	0.25	3.3058	4.537141214909205	0.7173118226792055	dual_learn_rate=0.2;learn_rate_autoencoder=0.1;learn_rate_memory=0.0001;mom=0.7	QC_3_W_GPT2M.py_571568854	524811876
0.4	0.5	4.6241	4.327917889379562	0.2997962495644019	dual_learn_rate=0.05;learn_rate_autoencoder=0.2;learn_rate_memory=0.0001;mom=0.7	QC_3_W_GPT2M.py_582183514	727001672
0.35	0.75	6.736	4.340239936752812	0.42873378612041224	dual_learn_rate=0.02;learn_rate_autoencoder=0.1;learn_rate_memory=2e-05;mom=0.5	QC_3_W_GPT2M.py_606908692	647336050
0.4	0.5	4.5729	4.356494375069953	0.2208595056348459	dual_learn_rate=0.1;learn_rate_autoencoder=0.01;learn_rate_memory=2e-05;mom=0.7	QC_3_W_GPT2M.py_648585713	516252642
0.4	0.5	4.4958	4.337902530211439	0.15986466605682245	dual_learn_rate=0.1;learn_rate_autoencoder=0.2;learn_rate_memory=0.0001;mom=0.7	_QC_3_W_GPT2M.py_65144010	516252642
0.3	1.0	8.6676	4.335007990006134	0.6998054467129327	dual_learn_rate=0.2;learn_rate_autoencoder=0.1;learn_rate_memory=2e-05;mom=0.7	QC_3_W_GPT2M.py_663105362	647336050
0.6	0.5	5.6586	4.50901639825836	1.1322820182486792	dual_learn_rate=0.02;learn_rate_autoencoder=0.1;learn_rate_memory=0.0001;mom=0.9	QC_3_W_GPT2M.py_704258408	647336050
0.6	0.5	5.8089	4.490800674752333	1.3269637244649717	dual_learn_rate=0.01;learn_rate_autoencoder=0.1;learn_rate_memory=2e-05;mom=0.7	QC_3_W_GPT2M.py_704895371	712478284
0.4	0.5	4.6103	4.334211194678055	0.27424431724191006	dual_learn_rate=0.05;learn_rate_autoencoder=0.1;learn_rate_memory=0.0001;mom=0.5	QC_3_W_GPT2M.py_722754052	727001672
0.45	1.0	8.799	4.4000176948677705	1.6147486762065895	dual_learn_rate=0.05;learn_rate_autoencoder=0.2;learn_rate_memory=0.0001;mom=0.5	QC_3_W_GPT2M.py_726444270	727001672
0.45	0.0	0.2356	5.0	0.23369938797649467	dual_learn_rate=0.02;learn_rate_autoencoder=0.2;learn_rate_memory=5e-05;mom=0.7	QC_3_W_GPT2M.py_750651178	524811876
0.35	0.25	2.2783	4.326034305166364	0.07507460104162117	dual_learn_rate=0.02;learn_rate_autoencoder=0.2;learn_rate_memory=5e-05;mom=0.7	QC_3_W_GPT2M.py_763369683	712478284
0.5	1.0	8.7964	4.398214674553644	1.5923211516590607	dual_learn_rate=0.1;learn_rate_autoencoder=0.1;learn_rate_memory=2e-05;mom=0.7	QC_3_W_GPT2M.py_770002526	516252642
0.35	1.0	8.6931	4.346609914193523	0.8778946974473459	dual_learn_rate=0.2;learn_rate_autoencoder=0.1;learn_rate_memory=0.0001;mom=0.7	QC_3_W_GPT2M.py_776887521	727001672
0.45	0.0	0.4867	5.0	0.48279244791750664	dual_learn_rate=0.02;learn_rate_autoencoder=0.2;learn_rate_memory=2e-05;mom=0.5	QC_3_W_GPT2M.py_786202606	647336050
0.45	0.75	7.0322	4.39191718766704	0.8928399558481088	dual_learn_rate=0.2;learn_rate_autoencoder=0.1;learn_rate_memory=2e-05;mom=0.5	QC_3_W_GPT2M.py_793155868	524811876
0.4	1.0	8.71	4.356967550781867	1.0653944328934	dual_learn_rate=0.1;learn_rate_autoencoder=0.1;learn_rate_memory=0.0001;mom=0.7	QC_3_W_GPT2M.py_797162227	516252642
0.4	0.25	2.3522	4.356381111767394	0.11939875426288572	dual_learn_rate=0.3;learn_rate_autoencoder=0.1;learn_rate_memory=5e-05;mom=0.7	QC_3_W_GPT2M.py_805093989	647336050
0.35	0.0	0.147	5.0	0.1492680470310519	dual_learn_rate=0.2;learn_rate_autoencoder=0.1;learn_rate_memory=2e-05;mom=0.7	QC_3_W_GPT2M.py_820795588	516252642
0.45	0.75	6.8503	4.350962511802225	0.6438040429678719	dual_learn_rate=0.2;learn_rate_autoencoder=0.1;learn_rate_memory=0.0001;mom=0.5	QC_3_W_GPT2M.py_840885654	524811876
0.45	1.0	8.7687	4.384983259898653	1.2086643306964138	dual_learn_rate=0.3;learn_rate_autoencoder=0.001;learn_rate_memory=2e-05;mom=0.9	QC_3_W_GPT2M.py_845805691	709961927
0.45	1.0	8.7829	4.385106524343485	1.34081724658578	dual_learn_rate=0.02;learn_rate_autoencoder=0.1;learn_rate_memory=0.0001;mom=0.7	QC_3_W_GPT2M.py_856034402	709961927
0.35	0.75	6.6007	4.314803786980334	0.2597714119794594	dual_learn_rate=0.05;learn_rate_autoencoder=0.1;learn_rate_memory=0.0001;mom=0.7	_QC_3_W_GPT2M.py_86215935	709961927
0.55	0.0	0.6084	5.0	0.6050707744950001	dual_learn_rate=0.05;learn_rate_autoencoder=0.1;learn_rate_memory=0.0001;mom=0.7	QC_3_W_GPT2M.py_875978411	709961927
0.45	0.25	2.4967	4.404719179054083	0.19695662169878012	dual_learn_rate=0.01;learn_rate_autoencoder=0.1;learn_rate_memory=0.0001;mom=0.7	QC_3_W_GPT2M.py_883180537	516252642
0.45	1.0	8.7533	4.376712986886604	1.275776821149259	dual_learn_rate=0.02;learn_rate_autoencoder=0.01;learn_rate_memory=0.0001;mom=0.7	QC_3_W_GPT2M.py_900360318	647336050
0.45	0.0	0.1902	5.0	0.1937203168174564	dual_learn_rate=0.3;learn_rate_autoencoder=0.001;learn_rate_memory=0.0001;mom=0.9	QC_3_W_GPT2M.py_920224740	727001672
0.3	0.0	0.0493	5.0	0.050393183953803516	dual_learn_rate=0.2;learn_rate_autoencoder=0.01;learn_rate_memory=0.0001;mom=0.5	QC_3_W_GPT2M.py_931879141	709961927
0.45	0.25	2.513	4.414364439511414	0.20318062419609179	dual_learn_rate=0.01;learn_rate_autoencoder=0.1;learn_rate_memory=5e-05;mom=0.7	QC_3_W_GPT2M.py_936463825	647336050
0.35	0.25	2.2263	4.312716907024977	0.04729648490806691	dual_learn_rate=0.1;learn_rate_autoencoder=0.1;learn_rate_memory=0.0001;mom=0.9	QC_3_W_GPT2M.py_936768787	712478284
0.45	0.0	0.316	5.0	0.32095613378080584	dual_learn_rate=0.1;learn_rate_autoencoder=0.1;learn_rate_memory=2e-05;mom=0.7	QC_3_W_GPT2M.py_945677838	709961927
0.55	0.25	3.2954	4.535583089763748	0.6849408170562162	dual_learn_rate=0.02;learn_rate_autoencoder=0.1;learn_rate_memory=0.0001;mom=0.9	QC_3_W_GPT2M.py_955049964	712478284
0.5	0.5	4.9708	4.403201862684286	0.5814898864999222	dual_learn_rate=0.3;learn_rate_autoencoder=0.1;learn_rate_memory=0.0001;mom=0.7	QC_3_W_GPT2M.py_958746705	516252642
0.4	0.25	2.3884	4.353926208975379	0.13965962631701487	dual_learn_rate=0.05;learn_rate_autoencoder=0.2;learn_rate_memory=0.0001;mom=0.5	_QC_3_W_GPT2M.py_96410234	712478284
0.4	1.0	8.7501	4.375245785620764	1.1185648934921228	dual_learn_rate=0.05;learn_rate_autoencoder=0.1;learn_rate_memory=0.0001;mom=0.5	QC_3_W_GPT2M.py_972012604	647336050
0.6	1.0	8.9428	4.470456649053544	2.172088420606343	dual_learn_rate=0.1;learn_rate_autoencoder=0.1;learn_rate_memory=0.0001;mom=0.7	QC_3_W_GPT2M.py_997533088	647336050
0.5	0.5	7.7815	5.756522188159781	2.0249446670601223	dual_learn_rate=0.2;learn_rate_autoencoder=0.1;learn_rate_memory=0.0001;mom=0.9	PT2M_OnlyPos.py_142242470	727001672
0.35	0.5	4.4771	4.3322744942159055	0.1489779975629563	dual_learn_rate=0.05;learn_rate_autoencoder=0.2;learn_rate_memory=2e-05;mom=0.7	x_Q_3_W_GPT2.py_147595904	709961927
0.55	0.0	0.6871	5.0	0.688749286278325	dual_learn_rate=0.02;learn_rate_autoencoder=0.2;learn_rate_memory=5e-05;mom=0.7	x_Q_3_W_GPT2.py_161843404	524811876
0.4	0.5	4.5908	4.362230017172906	0.23748610597927236	dual_learn_rate=0.2;learn_rate_autoencoder=0.001;learn_rate_memory=2e-05;mom=0.7	x_Q_3_W_GPT2.py_176659706	647336050
0.45	0.5	4.9581	4.402911025762385	0.5740857328594233	dual_learn_rate=0.02;learn_rate_autoencoder=0.001;learn_rate_memory=2e-05;mom=0.5	x_Q_3_W_GPT2.py_241019330	516252642
0.4	0.0	0.1551	5.0	0.15516871808487204	dual_learn_rate=0.01;learn_rate_autoencoder=0.001;learn_rate_memory=5e-05;mom=0.7	x_Q_3_W_GPT2.py_308939022	524811876
0.35	0.5	4.3993	4.321725400144849	0.07972338142462396	dual_learn_rate=0.3;learn_rate_autoencoder=0.01;learn_rate_memory=2e-05;mom=0.9	x_Q_3_W_GPT2.py_322267420	524811876
0.5	0.5	5.2811	4.430521628895337	0.8394898630003467	dual_learn_rate=0.3;learn_rate_autoencoder=0.2;learn_rate_memory=2e-05;mom=0.5	x_Q_3_W_GPT2.py_392044056	709961927
0.55	1.0	8.9304	4.419578892896378	1.8219445861110568	dual_learn_rate=0.02;learn_rate_autoencoder=0.2;learn_rate_memory=0.0001;mom=0.9	x_Q_3_W_GPT2.py_405804163	727001672
0.35	0.5	4.4147	4.322661487087377	0.09406740457980343	dual_learn_rate=0.2;learn_rate_autoencoder=0.1;learn_rate_memory=5e-05;mom=0.7	x_Q_3_W_GPT2.py_436843625	524811876
0.5	0.0	0.6135	5.0	0.6144521576602023	dual_learn_rate=0.1;learn_rate_autoencoder=0.2;learn_rate_memory=2e-05;mom=0.7	x_Q_3_W_GPT2.py_467611038	727001672
0.5	0.0	1.2867	5.0	1.312854972207123	dual_learn_rate=0.01;learn_rate_autoencoder=0.1;learn_rate_memory=2e-06;mom=0.7	x_Q_3_W_GPT2.py_522047799	712478284
0.4	1.0	8.718	4.359001633748828	1.085149030143787	dual_learn_rate=0.05;learn_rate_autoencoder=0.1;learn_rate_memory=5e-05;mom=0.7	x_Q_3_W_GPT2.py_572966838	712478284
0.4	0.0	0.1261	5.0	0.12711363413665758	dual_learn_rate=0.2;learn_rate_autoencoder=0.01;learn_rate_memory=0.0001;mom=0.9	x_Q_3_W_GPT2.py_593515190	524811876
0.45	0.0	0.3367	5.0	0.3439625372112724	dual_learn_rate=0.2;learn_rate_autoencoder=0.1;learn_rate_memory=2e-05;mom=0.7	ix_Q_3_W_GPT2.py_62986154	727001672
0.35	0.5	4.4343	4.327094209206678	0.11088937378541927	dual_learn_rate=0.3;learn_rate_autoencoder=0.1;learn_rate_memory=5e-05;mom=0.5	x_Q_3_W_GPT2.py_643779138	712478284
0.55	0.0	0.7537	5.0	0.7499044308730443	dual_learn_rate=0.01;learn_rate_autoencoder=0.001;learn_rate_memory=0.0001;mom=0.9	x_Q_3_W_GPT2.py_726427314	709961927
0.5	0.0	0.4205	5.0	0.4237876582626357	dual_learn_rate=0.2;learn_rate_autoencoder=0.001;learn_rate_memory=0.0001;mom=0.9	x_Q_3_W_GPT2.py_728776593	524811876
0.5	0.5	4.9285	4.374757670436515	0.5483604035366251	dual_learn_rate=0.01;learn_rate_autoencoder=0.001;learn_rate_memory=0.0001;mom=0.9	x_Q_3_W_GPT2.py_751999875	516252642
0.35	1.0	8.7022	4.3306491823934286	0.7532448653375264	dual_learn_rate=0.01;learn_rate_autoencoder=0.1;learn_rate_memory=0.0001;mom=0.5	x_Q_3_W_GPT2.py_788206505	709961927
0.35	1.0	8.6805	4.340991856011294	0.9302317960350439	dual_learn_rate=0.02;learn_rate_autoencoder=0.001;learn_rate_memory=5e-05;mom=0.5	x_Q_3_W_GPT2.py_796500788	727001672
0.4	1.0	8.7249	4.36247470450721	1.2809473533796716	dual_learn_rate=0.05;learn_rate_autoencoder=0.01;learn_rate_memory=0.0001;mom=0.7	x_Q_3_W_GPT2.py_800339823	516252642
0.55	0.5	5.3906	4.444716466678965	0.9402435262752988	dual_learn_rate=0.1;learn_rate_autoencoder=0.2;learn_rate_memory=2e-05;mom=0.9	x_Q_3_W_GPT2.py_829202189	524811876
0.4	0.0	0.0928	5.0	0.09176797341234148	dual_learn_rate=0.02;learn_rate_autoencoder=0.01;learn_rate_memory=0.0001;mom=0.9	x_Q_3_W_GPT2.py_829662493	727001672
0.55	0.5	5.3073	4.450697356773936	0.8503251032151878	dual_learn_rate=0.05;learn_rate_autoencoder=0.001;learn_rate_memory=5e-05;mom=0.5	x_Q_3_W_GPT2.py_861430759	647336050
0.5	0.0	0.3541	5.0	0.354757930114036	dual_learn_rate=0.05;learn_rate_autoencoder=0.1;learn_rate_memory=0.0001;mom=0.7	x_Q_3_W_GPT2.py_951240212	727001672
0.45	0.0	0.2127	5.0	0.21117500153898006	dual_learn_rate=0.01;learn_rate_autoencoder=0.01;learn_rate_memory=0.0001;mom=0.5	x_Q_3_W_GPT2.py_984369001	727001672
0.5	0.5	4.9523	4.398611937880023	0.5521624786250708	dual_learn_rate=0.01;learn_rate_autoencoder=0.1;learn_rate_memory=0.0001;mom=0.7	_Q_3_W_GPT2L.py_167196287	712478284
0.55	0.75	7.2056	4.414871963693955	1.1592735486855184	dual_learn_rate=0.01;learn_rate_autoencoder=0.1;learn_rate_memory=0.0001;mom=0.7	_Q_3_W_GPT2L.py_185553481	524811876
0.55	0.75	7.4673	4.4367231861761525	1.6585351807831215	dual_learn_rate=0.01;learn_rate_autoencoder=0.2;learn_rate_memory=0.0001;mom=0.9	_Q_3_W_GPT2L.py_192234817	727001672
0.45	0.0	0.4717	5.0	0.4741947238693492	dual_learn_rate=0.01;learn_rate_autoencoder=0.1;learn_rate_memory=2e-05;mom=0.5	_Q_3_W_GPT2L.py_198947364	712478284
0.5	0.0	0.2969	5.0	0.2929951161189483	dual_learn_rate=0.01;learn_rate_autoencoder=0.01;learn_rate_memory=0.0001;mom=0.7	_Q_3_W_GPT2L.py_261611831	647336050
0.45	0.5	4.8227	4.354400359090317	0.4631134463238922	dual_learn_rate=0.1;learn_rate_autoencoder=0.1;learn_rate_memory=0.0001;mom=0.9	_Q_3_W_GPT2L.py_262926142	727001672
0.45	1.0	8.7587	4.378772431666395	1.3159446385075504	dual_learn_rate=0.01;learn_rate_autoencoder=0.1;learn_rate_memory=2e-05;mom=0.5	_Q_3_W_GPT2L.py_266998840	709961927
0.45	1.0	8.7494	4.374788201660482	1.375366315016508	dual_learn_rate=0.2;learn_rate_autoencoder=0.1;learn_rate_memory=2e-05;mom=0.7	_Q_3_W_GPT2L.py_319356587	709961927
0.5	0.0	0.3621	5.0	0.39468681963023355	dual_learn_rate=0.01;learn_rate_autoencoder=0.001;learn_rate_memory=0.0001;mom=0.7	_Q_3_W_GPT2L.py_348524596	516252642
0.55	0.75	7.1787	4.408487646797707	1.1343278890607473	dual_learn_rate=0.3;learn_rate_autoencoder=0.001;learn_rate_memory=0.0001;mom=0.9	ix_Q_3_W_GPT2L.py_3535245	524811876
0.5	0.5	5.1636	4.424228753214031	0.7182558255454308	dual_learn_rate=0.02;learn_rate_autoencoder=0.2;learn_rate_memory=2e-05;mom=0.7	_Q_3_W_GPT2L.py_374361203	516252642
0.55	1.0	8.8478	4.423617321010267	1.9494536862136966	dual_learn_rate=0.1;learn_rate_autoencoder=0.1;learn_rate_memory=5e-05;mom=0.7	_Q_3_W_GPT2L.py_387749835	709961927
0.45	0.25	2.5061	4.398084616970878	0.2039251437105071	dual_learn_rate=0.1;learn_rate_autoencoder=0.1;learn_rate_memory=0.0001;mom=0.9	_Q_3_W_GPT2L.py_558918113	727001672
0.5	0.75	7.0087	4.376358767622633	0.8707647585313065	dual_learn_rate=0.1;learn_rate_autoencoder=0.1;learn_rate_memory=0.0001;mom=0.7	_Q_3_W_GPT2L.py_599568962	727001672
0.55	1.0	8.8977	4.448768021394734	1.8552942639439687	dual_learn_rate=0.1;learn_rate_autoencoder=0.1;learn_rate_memory=0.0001;mom=0.7	_Q_3_W_GPT2L.py_620654642	524811876
0.55	1.0	8.8553	4.427684839173471	1.8084081235404073	dual_learn_rate=0.02;learn_rate_autoencoder=0.1;learn_rate_memory=0.0001;mom=0.7	x_Q_3_W_GPT2L.py_68680906	516252642
0.45	0.75	6.8473	4.348731880499202	0.6045903259644958	dual_learn_rate=0.02;learn_rate_autoencoder=0.2;learn_rate_memory=0.0001;mom=0.7	x_Q_3_W_GPT2L.py_69019020	709961927
0.5	0.5	5.0372	4.403184674363067	0.6225962118280869	dual_learn_rate=0.3;learn_rate_autoencoder=0.001;learn_rate_memory=2e-05;mom=0.9	_Q_3_W_GPT2L.py_781374715	727001672
0.5	0.75	7.1295	4.408998665579002	1.0742389714439229	dual_learn_rate=0.02;learn_rate_autoencoder=0.01;learn_rate_memory=2e-05;mom=0.7	_Q_3_W_GPT2L.py_795928457	709961927
0.45	0.25	2.669	4.431376143400983	0.3051764737714718	dual_learn_rate=0.02;learn_rate_autoencoder=0.01;learn_rate_memory=2e-05;mom=0.7	_Q_3_W_GPT2L.py_798647547	524811876
0.45	1.0	8.8396	4.419792962858312	1.2593119856950747	dual_learn_rate=0.02;learn_rate_autoencoder=0.001;learn_rate_memory=0.0001;mom=0.9	_Q_3_W_GPT2L.py_848128467	524811876
0.45	0.75	6.8611	4.355406799540917	0.6410999616789589	dual_learn_rate=0.2;learn_rate_autoencoder=0.01;learn_rate_memory=5e-05;mom=0.5	x_Q_3_W_GPT2L.py_96253495	516252642
0.45	0.0	0.246	5.0	0.24373244610373865	dual_learn_rate=0.02;learn_rate_autoencoder=0.2;learn_rate_memory=0.0001;mom=0.7	_Q_3_W_GPT2L.py_978406179	712478284
0.45	0.25	2.5549	4.422220733955444	0.2296812854082374	dual_learn_rate=0.02;learn_rate_autoencoder=0.1;learn_rate_memory=5e-05;mom=0.7	_Q_3_W_GPT2L.py_983021535	727001672
0.5	1.0	8.8476	4.4238172333787755	1.4739788157820677	dual_learn_rate=0.2;learn_rate_autoencoder=0.01;learn_rate_memory=0.0001;mom=0.7	_Q_3_W_GPT2M.py_168051612	647336050
0.5	0.25	3.0584	4.447044842289471	0.5632470113912408	dual_learn_rate=0.1;learn_rate_autoencoder=0.1;learn_rate_memory=2e-05;mom=0.9	_Q_3_W_GPT2M.py_249798083	524811876
0.5	0.0	0.6581	5.0	0.6771775906933932	dual_learn_rate=0.2;learn_rate_autoencoder=0.2;learn_rate_memory=0.0001;mom=0.9	_Q_3_W_GPT2M.py_258475083	524811876
0.55	0.0	1.0135	5.0	1.0079973641580071	dual_learn_rate=0.02;learn_rate_autoencoder=0.1;learn_rate_memory=2e-05;mom=0.5	_Q_3_W_GPT2M.py_272429765	712478284
0.5	0.5	4.8894	4.408997819182198	0.46910730574192816	dual_learn_rate=0.01;learn_rate_autoencoder=0.1;learn_rate_memory=5e-05;mom=0.9	_Q_3_W_GPT2M.py_340001764	709961927
0.4	0.0	0.1448	5.0	0.14532007967316884	dual_learn_rate=0.05;learn_rate_autoencoder=0.1;learn_rate_memory=5e-05;mom=0.7	ix_Q_3_W_GPT2M.py_3836496	709961927
0.25	0.5	4.3087	4.287297269425078	0.022621917449083057	dual_learn_rate=0.1;learn_rate_autoencoder=0.01;learn_rate_memory=0.0001;mom=0.7	_Q_3_W_GPT2M.py_494181602	524811876
0.4	1.0	8.6997	4.349978496528544	1.081540586407748	dual_learn_rate=0.3;learn_rate_autoencoder=0.01;learn_rate_memory=2e-05;mom=0.7	_Q_3_W_GPT2M.py_515775459	709961927
0.55	1.0	8.8828	4.441502682059391	1.7353559009704265	dual_learn_rate=0.1;learn_rate_autoencoder=0.01;learn_rate_memory=2e-05;mom=0.7	_Q_3_W_GPT2M.py_529665609	712478284
0.35	1.0	8.705	4.352376924292102	0.979506438293436	dual_learn_rate=0.3;learn_rate_autoencoder=0.2;learn_rate_memory=5e-05;mom=0.9	_Q_3_W_GPT2M.py_533051845	647336050
0.45	0.0	0.2781	5.0	0.2814666446427272	dual_learn_rate=0.3;learn_rate_autoencoder=0.2;learn_rate_memory=5e-05;mom=0.5	_Q_3_W_GPT2M.py_620912032	647336050
0.45	0.0	0.48	5.0	0.48543375204829053	dual_learn_rate=0.05;learn_rate_autoencoder=0.01;learn_rate_memory=2e-05;mom=0.5	_Q_3_W_GPT2M.py_624548152	647336050
0.5	0.0	0.475	5.0	0.47575188399194523	dual_learn_rate=0.01;learn_rate_autoencoder=0.001;learn_rate_memory=0.0001;mom=0.5	_Q_3_W_GPT2M.py_664956204	727001672
0.4	1.0	8.7483	4.374301786436321	1.281769881845676	dual_learn_rate=0.3;learn_rate_autoencoder=0.1;learn_rate_memory=0.0001;mom=0.5	_Q_3_W_GPT2M.py_682978118	727001672
0.45	0.0	0.396	5.0	0.39710894169323685	dual_learn_rate=0.3;learn_rate_autoencoder=0.001;learn_rate_memory=5e-05;mom=0.5	_Q_3_W_GPT2M.py_741836891	727001672
0.5	0.5	5.3393	4.4184469060955065	0.8898274233362213	dual_learn_rate=0.01;learn_rate_autoencoder=0.001;learn_rate_memory=2e-05;mom=0.5	_Q_3_W_GPT2M.py_771905970	516252642
0.4	0.5	4.48	4.340840423620726	0.14609845226371423	dual_learn_rate=0.3;learn_rate_autoencoder=0.1;learn_rate_memory=0.0001;mom=0.7	_Q_3_W_GPT2M.py_801332993	727001672
0.4	0.5	4.4862	4.345430448616799	0.14924135599479868	dual_learn_rate=0.1;learn_rate_autoencoder=0.01;learn_rate_memory=2e-05;mom=0.9	_Q_3_W_GPT2M.py_851101109	516252642
0.4	1.0	8.6964	4.37820207369745	1.4323120555316105	dual_learn_rate=0.01;learn_rate_autoencoder=0.1;learn_rate_memory=0.0001;mom=0.7	_Q_3_W_GPT2M.py_912951231	709961927
0.4	0.0	0.128	5.0	0.13035347902881916	dual_learn_rate=0.3;learn_rate_autoencoder=0.001;learn_rate_memory=0.0001;mom=0.5	_Q_3_W_GPT2M.py_931557119	647336050
0.5	1.0	8.7904	4.3949711173220205	1.6029645400153019	dual_learn_rate=0.2;learn_rate_autoencoder=0.01;learn_rate_memory=5e-05;mom=0.5	_Q_3_W_GPT2M.py_975707042	712478284
0.5	0.5	5.5908	4.454954721330179	1.124020945148287	dual_learn_rate=0.05;learn_rate_autoencoder=0.001;learn_rate_memory=2e-06;mom=0.9	Q_3_W_GPT2XL.py_983654549	524811876
0.5	1.0	8.8257	4.412340709517761	1.8283568330470916	dual_learn_rate=0.01;learn_rate_autoencoder=0.01;learn_rate_memory=1e-05;mom=0.7	gfix_VNStims.py_164940065	709961927
0.5	0.75	7.4808	4.475068770175875	1.6150317046756937	dual_learn_rate=0.01;learn_rate_autoencoder=0.001;learn_rate_memory=1e-05;mom=0.5	gfix_VNStims.py_223672982	516252642
0.5	0.5	5.653	4.454667131165089	1.2130226616383222	dual_learn_rate=0.3;learn_rate_autoencoder=0.2;learn_rate_memory=5e-05;mom=0.9	gfix_VNStims.py_238613603	516252642
0.6	1.0	9.0028	4.500780179933901	2.4404640936151423	dual_learn_rate=0.1;learn_rate_autoencoder=0.1;learn_rate_memory=2e-05;mom=0.3	gfix_VNStims.py_240430897	516252642
0.5	0.25	3.4666	4.6034866479790875	0.7961912473379561	dual_learn_rate=0.01;learn_rate_autoencoder=0.001;learn_rate_memory=2e-05;mom=0.7	gfix_VNStims.py_270368874	727001672
0.6	0.0	1.384	5.0	1.3901484071902521	dual_learn_rate=0.02;learn_rate_autoencoder=0.2;learn_rate_memory=0.0001;mom=0.5	gfix_VNStims.py_298172323	727001672
0.35	1.0	8.7336	4.366902615604908	0.9754770175791543	dual_learn_rate=0.3;learn_rate_autoencoder=0.01;learn_rate_memory=5e-05;mom=0.7	gfix_VNStims.py_324011891	524811876
0.35	1.0	8.7016	4.352734154237919	1.0705249560231989	dual_learn_rate=0.1;learn_rate_autoencoder=0.1;learn_rate_memory=2e-05;mom=0.7	gfix_VNStims.py_419897234	712478284
0.45	1.0	8.7962	4.398288119179203	1.7105207082115377	dual_learn_rate=0.2;learn_rate_autoencoder=0.2;learn_rate_memory=2e-05;mom=0.3	gfix_VNStims.py_451158133	709961927
0.3	0.25	2.3393	4.3438520703040595	0.1081541490336807	dual_learn_rate=0.1;learn_rate_autoencoder=0.01;learn_rate_memory=0.0001;mom=0.3	ugfix_VNStims.py_61619527	709961927
0.7	0.5	7.119	4.639909014879046	2.4485967067714043	dual_learn_rate=0.01;learn_rate_autoencoder=0.001;learn_rate_memory=0.0001;mom=0.3	gfix_VNStims.py_676800809	727001672
0.45	0.25	3.1077	4.541725875558524	0.5450259999544997	dual_learn_rate=0.05;learn_rate_autoencoder=0.01;learn_rate_memory=2e-05;mom=0.5	gfix_VNStims.py_752931174	647336050
0.7	0.0	1.9131	5.0	1.927378072956695	dual_learn_rate=0.3;learn_rate_autoencoder=0.001;learn_rate_memory=0.0001;mom=0.9	gfix_VNStims.py_800633989	516252642
0.7	0.75	8.447	4.665329898468414	2.9204419128767807	dual_learn_rate=0.3;learn_rate_autoencoder=0.001;learn_rate_memory=1e-05;mom=0.0	gfix_VNStims.py_810151103	516252642
0.6	1.0	8.9754	4.483660589943006	2.324976975344176	dual_learn_rate=0.02;learn_rate_autoencoder=0.001;learn_rate_memory=5e-05;mom=0.3	ugfix_VNStims.py_81479101	516252642
0.5	1.0	8.9156	4.457484945704171	1.8055158669255966	dual_learn_rate=0.1;learn_rate_autoencoder=0.1;learn_rate_memory=1e-05;mom=0.0	gfix_VNStims.py_832829478	516252642
0.35	0.0	0.1533	5.0	0.15143145429727536	dual_learn_rate=0.05;learn_rate_autoencoder=0.2;learn_rate_memory=5e-05;mom=0.9	gfix_VNStims.py_862445928	647336050
0.6	0.0	1.956	5.0	1.9687467595042565	dual_learn_rate=0.3;learn_rate_autoencoder=0.1;learn_rate_memory=1e-05;mom=0.3	gfix_VNStims.py_902179294	712478284
0.7	0.25	6.1731	4.866010209623518	2.477887268055089	dual_learn_rate=0.05;learn_rate_autoencoder=0.2;learn_rate_memory=0.0001;mom=0.0	gfix_VNStims.py_902691596	709961927
0.7	0.25	5.8073	4.800150478081237	2.2772953260201305	dual_learn_rate=0.01;learn_rate_autoencoder=0.001;learn_rate_memory=5e-05;mom=0.0	gfix_VNStims.py_928361416	647336050
0.5	0.0	1.2524	5.0	1.2558564935160443	dual_learn_rate=0.3;learn_rate_autoencoder=0.01;learn_rate_memory=1e-05;mom=0.0	ix_VNStims_2.py_192101448	524811876
0.5	0.0	1.1446	5.0	1.1357151726513723	dual_learn_rate=0.01;learn_rate_autoencoder=0.001;learn_rate_memory=1e-05;mom=0.3	ix_VNStims_2.py_211328319	709961927
0.5	0.0	0.8722	5.0	0.8596252365981856	dual_learn_rate=0.02;learn_rate_autoencoder=0.1;learn_rate_memory=2e-05;mom=0.3	ix_VNStims_2.py_215238992	524811876
0.5	0.0	0.5536	5.0	0.5490451861747636	dual_learn_rate=0.02;learn_rate_autoencoder=0.001;learn_rate_memory=5e-05;mom=0.3	ix_VNStims_2.py_282069447	647336050
0.5	0.0	0.6665	5.0	0.6679670614230865	dual_learn_rate=0.05;learn_rate_autoencoder=0.2;learn_rate_memory=5e-05;mom=0.0	ix_VNStims_2.py_297172249	524811876
0.5	0.0	0.8492	5.0	0.846213343668714	dual_learn_rate=0.01;learn_rate_autoencoder=0.1;learn_rate_memory=1e-05;mom=0.7	fix_VNStims_2.py_37321086	727001672
0.5	0.0	1.219	5.0	1.2130448175958297	dual_learn_rate=0.2;learn_rate_autoencoder=0.2;learn_rate_memory=1e-05;mom=0.0	fix_VNStims_2.py_43860175	516252642
0.5	0.0	0.3733	5.0	0.38364084516429103	dual_learn_rate=0.2;learn_rate_autoencoder=0.01;learn_rate_memory=0.0001;mom=0.3	fix_VNStims_2.py_43914277	709961927
0.5	0.0	0.7174	5.0	0.7029782094732469	dual_learn_rate=0.3;learn_rate_autoencoder=0.01;learn_rate_memory=2e-05;mom=0.5	ix_VNStims_2.py_470378704	709961927
0.5	0.0	1.021	5.0	1.0500406404450613	dual_learn_rate=0.05;learn_rate_autoencoder=0.1;learn_rate_memory=2e-05;mom=0.0	ix_VNStims_2.py_489620491	516252642
0.5	0.0	0.857	5.0	0.8643475319926209	dual_learn_rate=0.05;learn_rate_autoencoder=0.1;learn_rate_memory=1e-05;mom=0.7	ix_VNStims_2.py_493309730	727001672
0.5	0.0	0.3575	5.0	0.37385739031797527	dual_learn_rate=0.2;learn_rate_autoencoder=0.01;learn_rate_memory=5e-05;mom=0.7	ix_VNStims_2.py_524355447	516252642
0.5	0.0	0.6283	5.0	0.6172525883108246	dual_learn_rate=0.02;learn_rate_autoencoder=0.2;learn_rate_memory=5e-05;mom=0.0	ix_VNStims_2.py_577120941	524811876
0.5	0.0	1.2538	5.0	1.2737728166597007	dual_learn_rate=0.01;learn_rate_autoencoder=0.001;learn_rate_memory=1e-05;mom=0.0	fix_VNStims_2.py_60819321	712478284
0.5	0.0	0.3654	5.0	0.3792769708257817	dual_learn_rate=0.2;learn_rate_autoencoder=0.01;learn_rate_memory=5e-05;mom=0.7	ix_VNStims_2.py_611206001	647336050
0.5	0.0	0.4594	5.0	0.45858745753735064	dual_learn_rate=0.05;learn_rate_autoencoder=0.001;learn_rate_memory=0.0001;mom=0.5	ix_VNStims_2.py_671022521	647336050
0.5	0.0	0.4821	5.0	0.4831229811879973	dual_learn_rate=0.05;learn_rate_autoencoder=0.01;learn_rate_memory=1e-05;mom=0.9	ix_VNStims_2.py_704910749	647336050
0.5	0.0	0.7292	5.0	0.7294283561482988	dual_learn_rate=0.05;learn_rate_autoencoder=0.1;learn_rate_memory=2e-05;mom=0.5	ix_VNStims_2.py_719494801	712478284
0.5	0.0	0.7841	5.0	0.7828508066724488	dual_learn_rate=0.01;learn_rate_autoencoder=0.001;learn_rate_memory=2e-05;mom=0.5	ix_VNStims_2.py_757374251	516252642
0.5	0.0	0.3521	5.0	0.3466378301211585	dual_learn_rate=0.01;learn_rate_autoencoder=0.1;learn_rate_memory=0.0001;mom=0.9	ix_VNStims_2.py_791493918	709961927
0.5	0.0	0.599	5.0	0.5980649211265775	dual_learn_rate=0.01;learn_rate_autoencoder=0.1;learn_rate_memory=2e-05;mom=0.9	ix_VNStims_2.py_865633896	709961927
0.5	0.0	0.6662	5.0	0.6685312655046136	dual_learn_rate=0.01;learn_rate_autoencoder=0.2;learn_rate_memory=2e-05;mom=0.5	fix_VNStims_3.py_12569588	647336050
0.5	0.0	0.3778	5.0	0.36312135269102974	dual_learn_rate=0.2;learn_rate_autoencoder=0.01;learn_rate_memory=2e-05;mom=0.9	ix_VNStims_3.py_144288139	524811876
0.5	0.0	0.4653	5.0	0.46265636779400854	dual_learn_rate=0.01;learn_rate_autoencoder=0.001;learn_rate_memory=0.0001;mom=0.5	ix_VNStims_3.py_166927331	727001672
0.5	0.0	0.4878	5.0	0.4742171917340058	dual_learn_rate=0.2;learn_rate_autoencoder=0.001;learn_rate_memory=5e-05;mom=0.3	ix_VNStims_3.py_242814315	647336050
0.5	0.0	1.1268	5.0	1.1315532992815873	dual_learn_rate=0.01;learn_rate_autoencoder=0.1;learn_rate_memory=1e-05;mom=0.3	ix_VNStims_3.py_424358207	709961927
0.5	0.0	0.3636	5.0	0.3631326049524051	dual_learn_rate=0.01;learn_rate_autoencoder=0.2;learn_rate_memory=2e-05;mom=0.9	ix_VNStims_3.py_427639022	647336050
0.5	0.0	0.5094	5.0	0.5068066011300527	dual_learn_rate=0.01;learn_rate_autoencoder=0.01;learn_rate_memory=2e-05;mom=0.7	ix_VNStims_3.py_447996056	647336050
0.5	0.0	0.5524	5.0	0.5534377097934182	dual_learn_rate=0.1;learn_rate_autoencoder=0.01;learn_rate_memory=5e-05;mom=0.0	ix_VNStims_3.py_452371019	516252642
0.5	0.0	0.6059	5.0	0.5913098208932762	dual_learn_rate=0.3;learn_rate_autoencoder=0.001;learn_rate_memory=2e-05;mom=0.7	ix_VNStims_3.py_458512251	727001672
0.5	0.0	0.5994	5.0	0.6072719559915267	dual_learn_rate=0.3;learn_rate_autoencoder=0.01;learn_rate_memory=5e-05;mom=0.0	ix_VNStims_3.py_497546406	709961927
0.5	0.0	0.5218	5.0	0.5243176585973969	dual_learn_rate=0.01;learn_rate_autoencoder=0.001;learn_rate_memory=5e-05;mom=0.3	ix_VNStims_3.py_522578788	709961927
0.5	0.0	0.9938	5.0	1.0053120654813275	dual_learn_rate=0.05;learn_rate_autoencoder=0.2;learn_rate_memory=1e-05;mom=0.5	ix_VNStims_3.py_552320178	524811876
0.5	0.0	1.2564	5.0	1.2520283019167162	dual_learn_rate=0.05;learn_rate_autoencoder=0.01;learn_rate_memory=1e-05;mom=0.0	ix_VNStims_3.py_554990235	727001672
0.5	0.0	0.6487	5.0	0.6585054391561252	dual_learn_rate=0.05;learn_rate_autoencoder=0.001;learn_rate_memory=5e-05;mom=0.0	ix_VNStims_3.py_603271773	712478284
0.5	0.0	0.7944	5.0	0.7884559666054863	dual_learn_rate=0.01;learn_rate_autoencoder=0.01;learn_rate_memory=1e-05;mom=0.7	ix_VNStims_3.py_611698643	524811876
0.5	0.0	1.0134	5.0	1.008248539104345	dual_learn_rate=0.01;learn_rate_autoencoder=0.001;learn_rate_memory=1e-05;mom=0.5	ix_VNStims_3.py_622111702	647336050
0.5	0.0	0.8125	5.0	0.8077052580575337	dual_learn_rate=0.01;learn_rate_autoencoder=0.2;learn_rate_memory=2e-05;mom=0.3	ix_VNStims_3.py_659702107	647336050
0.5	0.0	0.583	5.0	0.5808153701581528	dual_learn_rate=0.01;learn_rate_autoencoder=0.001;learn_rate_memory=2e-05;mom=0.7	ix_VNStims_3.py_739714029	709961927
0.5	0.0	0.4167	5.0	0.4135309997636711	dual_learn_rate=0.02;learn_rate_autoencoder=0.1;learn_rate_memory=0.0001;mom=0.7	fix_VNStims_3.py_75687686	647336050
0.5	0.0	0.5963	5.0	0.5953659641140561	dual_learn_rate=0.01;learn_rate_autoencoder=0.01;learn_rate_memory=0.0001;mom=0.7	ix_VNStims_3.py_766354657	709961927
0.5	0.0	0.5376	5.0	0.5335819014527516	dual_learn_rate=0.3;learn_rate_autoencoder=0.001;learn_rate_memory=5e-05;mom=0.5	ix_VNStims_3.py_778691360	727001672
0.5	0.0	1.1065	5.0	1.1209952506876357	dual_learn_rate=0.2;learn_rate_autoencoder=0.1;learn_rate_memory=1e-05;mom=0.3	ix_VNStims_3.py_802771321	524811876
0.5	0.0	0.5631	5.0	0.5619779347111532	dual_learn_rate=0.01;learn_rate_autoencoder=0.001;learn_rate_memory=2e-05;mom=0.7	ix_VNStims_3.py_875327159	727001672
0.5	0.0	0.3994	5.0	0.40484384015994435	dual_learn_rate=0.05;learn_rate_autoencoder=0.2;learn_rate_memory=5e-05;mom=0.7	ix_VNStims_3.py_915776908	709961927
0.5	0.0	0.4281	5.0	0.4298570303561813	dual_learn_rate=0.05;learn_rate_autoencoder=0.1;learn_rate_memory=2e-05;mom=0.9	ix_VNStims_3.py_979928296	647336050
0.5	0.0	0.5454	5.0	0.5442801111062051	dual_learn_rate=0.02;learn_rate_autoencoder=0.2;learn_rate_memory=2e-05;mom=0.7	ix_VNStims_3.py_993427060	524811876
0.45	0.0	0.5378	5.0	0.5423541213824181	dual_learn_rate=0.3;learn_rate_autoencoder=0.001;learn_rate_memory=2e-05;mom=0.5	_VNStims_3_W.py_114937734	524811876
0.5	0.0	0.4128	5.0	0.4089030652782543	dual_learn_rate=0.05;learn_rate_autoencoder=0.1;learn_rate_memory=5e-05;mom=0.9	_VNStims_3_W.py_244524856	516252642
0.4	0.0	0.1471	5.0	0.14442342638452463	dual_learn_rate=0.01;learn_rate_autoencoder=0.2;learn_rate_memory=2e-05;mom=0.9	_VNStims_3_W.py_266140797	516252642
0.5	0.0	0.5849	5.0	0.5753635783041169	dual_learn_rate=0.05;learn_rate_autoencoder=0.1;learn_rate_memory=2e-05;mom=0.7	_VNStims_3_W.py_348251345	709961927
0.45	0.0	0.2131	5.0	0.21415542326865497	dual_learn_rate=0.05;learn_rate_autoencoder=0.2;learn_rate_memory=0.0001;mom=0.7	_VNStims_3_W.py_391377654	709961927
0.5	0.0	1.0957	5.0	1.1575984741188377	dual_learn_rate=0.01;learn_rate_autoencoder=0.2;learn_rate_memory=1e-05;mom=0.5	x_VNStims_3_W.py_39176274	712478284
0.4	0.0	0.0868	5.0	0.08787802966398076	dual_learn_rate=0.2;learn_rate_autoencoder=0.01;learn_rate_memory=0.0001;mom=0.9	_VNStims_3_W.py_562317524	712478284
0.55	0.0	0.6554	5.0	0.6573767178939431	dual_learn_rate=0.02;learn_rate_autoencoder=0.001;learn_rate_memory=5e-05;mom=0.7	_VNStims_3_W.py_703565723	516252642
0.45	0.0	0.2298	5.0	0.23258236126535523	dual_learn_rate=0.3;learn_rate_autoencoder=0.001;learn_rate_memory=5e-05;mom=0.7	_VNStims_3_W.py_758540004	709961927
0.5	0.0	0.4254	5.0	0.4269793399683811	dual_learn_rate=0.3;learn_rate_autoencoder=0.1;learn_rate_memory=5e-05;mom=0.9	_VNStims_3_W.py_857256842	709961927
0.5	0.75	7.315	4.4317796977671104	1.298805117709015	dual_learn_rate=0.01;learn_rate_autoencoder=0.2;learn_rate_memory=1e-05;mom=0.5	_VNStims_3_W.py_992058926	524811876
0.45	0.0	0.1883	5.0	0.1863687773754697	dual_learn_rate=0.02;learn_rate_autoencoder=0.2;learn_rate_memory=0.0001;mom=0.9	_VNStims_3_W.py_996159880	647336050
0.55	0.0	0.6487	5.0	0.6492031189621444	dual_learn_rate=0.02;learn_rate_autoencoder=0.2;learn_rate_memory=0.0001;mom=0.5	NStims_3_W_E.py_124667283	524811876
0.5	0.0	0.3216	5.0	0.3205293795564836	dual_learn_rate=0.01;learn_rate_autoencoder=0.01;learn_rate_memory=0.0001;mom=0.5	NStims_3_W_E.py_250434022	709961927
0.55	0.0	1.3015	5.0	1.294316917800929	dual_learn_rate=0.1;learn_rate_autoencoder=0.01;learn_rate_memory=2e-05;mom=0.5	NStims_3_W_E.py_414708218	524811876
0.45	0.0	0.2107	5.0	0.20716267782237507	dual_learn_rate=0.2;learn_rate_autoencoder=0.2;learn_rate_memory=0.0001;mom=0.7	NStims_3_W_E.py_629317375	709961927
0.5	0.0	0.8789	5.0	0.8736126106851075	dual_learn_rate=0.02;learn_rate_autoencoder=0.2;learn_rate_memory=1e-05;mom=0.7	VNStims_3_W_E.py_70625660	709961927
0.5	0.0	0.53	5.0	0.5285868695809796	dual_learn_rate=0.01;learn_rate_autoencoder=0.001;learn_rate_memory=0.0001;mom=0.9	NStims_3_W_E.py_824593572	516252642
0.5	0.0	0.3768	5.0	0.36423232953610063	dual_learn_rate=0.1;learn_rate_autoencoder=0.001;learn_rate_memory=0.0001;mom=0.5	NStims_3_W_E.py_941057777	524811876
0.3	0.75	6.4802	4.2982933321999495	0.06711732282497496	dual_learn_rate=0.2;learn_rate_autoencoder=0.001;learn_rate_memory=0.0001;mom=0.7	ims_3_W_GPT2.py_106228607	709961927
0.5	0.0	0.5496	5.0	0.5494127138532245	dual_learn_rate=0.05;learn_rate_autoencoder=0.2;learn_rate_memory=2e-05;mom=0.7	ims_3_W_GPT2.py_120803357	712478284
0.5	0.0	0.4573	5.0	0.45379496026013627	dual_learn_rate=0.3;learn_rate_autoencoder=0.1;learn_rate_memory=1e-05;mom=0.9	ims_3_W_GPT2.py_197101845	709961927
0.5	0.75	7.1483	4.371231234457985	1.2226402397522977	dual_learn_rate=0.2;learn_rate_autoencoder=0.2;learn_rate_memory=0.0001;mom=0.9	ims_3_W_GPT2.py_250682172	727001672
0.4	0.5	4.9276	4.391805418451057	0.5739411624596885	dual_learn_rate=0.01;learn_rate_autoencoder=0.1;learn_rate_memory=1e-05;mom=0.5	Stims_3_W_GPT2.py_2538810	516252642
0.55	0.75	7.3159	4.4070228232703	1.3743424736867922	dual_learn_rate=0.2;learn_rate_autoencoder=0.2;learn_rate_memory=0.0001;mom=0.5	ims_3_W_GPT2.py_254040249	647336050
0.5	0.0	0.4119	5.0	0.4142664539303451	dual_learn_rate=0.3;learn_rate_autoencoder=0.001;learn_rate_memory=0.0001;mom=0.9	ims_3_W_GPT2.py_265163731	709961927
0.55	0.0	0.5025	5.0	0.49710222919059777	dual_learn_rate=0.01;learn_rate_autoencoder=0.1;learn_rate_memory=0.0001;mom=0.9	ims_3_W_GPT2.py_268212744	727001672
0.55	0.0	0.7949	5.0	0.8008261615945431	dual_learn_rate=0.3;learn_rate_autoencoder=0.001;learn_rate_memory=0.0001;mom=0.9	ims_3_W_GPT2.py_310925952	727001672
0.3	0.0	0.1413	5.0	0.14204250238635951	dual_learn_rate=0.3;learn_rate_autoencoder=0.2;learn_rate_memory=1e-05;mom=0.9	ims_3_W_GPT2.py_313423478	712478284
0.55	0.0	0.7636	5.0	0.754424202894655	dual_learn_rate=0.2;learn_rate_autoencoder=0.1;learn_rate_memory=0.0001;mom=0.7	ims_3_W_GPT2.py_315419775	524811876
0.4	0.75	6.7198	4.3355395824669305	0.42917168926919225	dual_learn_rate=0.05;learn_rate_autoencoder=0.1;learn_rate_memory=2e-05;mom=0.9	ims_3_W_GPT2.py_378156231	516252642
0.5	0.0	0.5284	5.0	0.525084283170682	dual_learn_rate=0.01;learn_rate_autoencoder=0.001;learn_rate_memory=2e-05;mom=0.7	ims_3_W_GPT2.py_392202625	709961927
0.55	0.0	0.6708	5.0	0.6723999823081099	dual_learn_rate=0.05;learn_rate_autoencoder=0.01;learn_rate_memory=5e-05;mom=0.5	ims_3_W_GPT2.py_415502267	709961927
0.55	0.0	0.6068	5.0	0.5943533426280191	dual_learn_rate=0.05;learn_rate_autoencoder=0.01;learn_rate_memory=5e-05;mom=0.7	ims_3_W_GPT2.py_435537050	709961927
0.5	0.0	0.7719	5.0	0.7508729369159811	dual_learn_rate=0.1;learn_rate_autoencoder=0.1;learn_rate_memory=2e-05;mom=0.5	ims_3_W_GPT2.py_443335026	709961927
0.4	0.0	0.1712	5.0	0.17583518674828075	dual_learn_rate=0.2;learn_rate_autoencoder=0.1;learn_rate_memory=1e-05;mom=0.9	ims_3_W_GPT2.py_479686390	516252642
0.5	0.0	0.7048	5.0	0.7133887922267056	dual_learn_rate=0.3;learn_rate_autoencoder=0.1;learn_rate_memory=2e-05;mom=0.5	ims_3_W_GPT2.py_486135327	709961927
0.5	0.0	0.4191	5.0	0.40618136833470214	dual_learn_rate=0.3;learn_rate_autoencoder=0.01;learn_rate_memory=1e-05;mom=0.9	ims_3_W_GPT2.py_502365970	516252642
0.55	0.0	1.0212	5.0	1.0188521146468044	dual_learn_rate=0.1;learn_rate_autoencoder=0.2;learn_rate_memory=2e-05;mom=0.5	tims_3_W_GPT2.py_51209350	647336050
0.65	0.75	7.726	4.468518624694108	2.056886748854268	dual_learn_rate=0.01;learn_rate_autoencoder=0.1;learn_rate_memory=2e-05;mom=0.9	ims_3_W_GPT2.py_526029548	709961927
0.5	0.0	0.7805	5.0	0.7672818791917351	dual_learn_rate=0.1;learn_rate_autoencoder=0.001;learn_rate_memory=2e-05;mom=0.5	ims_3_W_GPT2.py_555349745	516252642
0.55	0.5	5.4049	4.423004696547436	0.9661084784102069	dual_learn_rate=0.2;learn_rate_autoencoder=0.2;learn_rate_memory=2e-05;mom=0.9	ims_3_W_GPT2.py_583256724	524811876
0.55	0.25	3.5478	4.533819682432949	0.8402568182923127	dual_learn_rate=0.2;learn_rate_autoencoder=0.01;learn_rate_memory=2e-05;mom=0.5	ims_3_W_GPT2.py_591025209	516252642
0.55	0.0	1.2519	5.0	1.2399293175257549	dual_learn_rate=0.02;learn_rate_autoencoder=0.2;learn_rate_memory=1e-05;mom=0.7	ims_3_W_GPT2.py_631020233	727001672
0.6	0.25	3.8384	4.571061919579008	1.05611767033537	dual_learn_rate=0.1;learn_rate_autoencoder=0.01;learn_rate_memory=5e-05;mom=0.5	ims_3_W_GPT2.py_642311360	709961927
0.55	0.0	1.2961	5.0	1.2842209137891325	dual_learn_rate=0.1;learn_rate_autoencoder=0.2;learn_rate_memory=1e-05;mom=0.5	tims_3_W_GPT2.py_71134934	516252642
0.55	0.0	0.7712	5.0	0.7588509289575472	dual_learn_rate=0.3;learn_rate_autoencoder=0.2;learn_rate_memory=0.0001;mom=0.7	ims_3_W_GPT2.py_748789385	647336050
0.65	0.5	6.1784	4.5541897486788	1.6393316149817878	dual_learn_rate=0.3;learn_rate_autoencoder=0.1;learn_rate_memory=2e-05;mom=0.7	ims_3_W_GPT2.py_757759794	516252642
0.55	0.0	1.2747	5.0	1.255662040165582	dual_learn_rate=0.02;learn_rate_autoencoder=0.001;learn_rate_memory=1e-05;mom=0.5	ims_3_W_GPT2.py_772276842	712478284
0.55	0.0	0.6116	5.0	0.6091583317370144	dual_learn_rate=0.01;learn_rate_autoencoder=0.2;learn_rate_memory=0.0001;mom=0.9	ims_3_W_GPT2.py_783229133	516252642
0.5	0.25	2.9595	4.468537393423627	0.4741659793078354	dual_learn_rate=0.3;learn_rate_autoencoder=0.2;learn_rate_memory=2e-05;mom=0.9	ims_3_W_GPT2.py_785861801	524811876
0.55	1.0	8.9029	4.4515239955346635	1.6751098441804322	dual_learn_rate=0.3;learn_rate_autoencoder=0.01;learn_rate_memory=0.0001;mom=0.9	ims_3_W_GPT2.py_803732986	524811876
0.55	0.25	3.6267	4.532616527491222	0.8992189085415474	dual_learn_rate=0.2;learn_rate_autoencoder=0.2;learn_rate_memory=2e-05;mom=0.5	ims_3_W_GPT2.py_812990818	516252642
0.55	0.0	1.2066	5.0	1.2013966372199205	dual_learn_rate=0.01;learn_rate_autoencoder=0.1;learn_rate_memory=1e-05;mom=0.5	ims_3_W_GPT2.py_819857208	712478284
0.65	0.25	5.0796	4.6277007582548615	1.8319354421568574	dual_learn_rate=0.02;learn_rate_autoencoder=0.2;learn_rate_memory=2e-05;mom=0.5	ims_3_W_GPT2.py_827564000	524811876
0.55	0.25	3.7163	4.487641646614837	0.988287043880677	dual_learn_rate=0.1;learn_rate_autoencoder=0.2;learn_rate_memory=5e-05;mom=0.7	ims_3_W_GPT2.py_840485185	709961927
0.65	0.25	4.5867	4.626371423905405	1.5211716961277952	dual_learn_rate=0.01;learn_rate_autoencoder=0.001;learn_rate_memory=2e-05;mom=0.7	ims_3_W_GPT2.py_846324671	524811876
0.65	0.0	1.3473	5.0	1.3316462650830845	dual_learn_rate=0.02;learn_rate_autoencoder=0.01;learn_rate_memory=1e-05;mom=0.9	Stims_3_W_GPT2.py_8688301	727001672
0.65	1.0	8.9973	4.496670617472438	2.2723266401579654	dual_learn_rate=0.05;learn_rate_autoencoder=0.01;learn_rate_memory=0.0001;mom=0.5	ims_3_W_GPT2.py_888004470	709961927
0.55	0.0	1.1182	5.0	1.1209619769462096	dual_learn_rate=0.2;learn_rate_autoencoder=0.2;learn_rate_memory=1e-05;mom=0.7	ims_3_W_GPT2.py_927595694	647336050
0.5	0.0	0.403	5.0	0.30640612322410316	dual_learn_rate=0.02;learn_rate_autoencoder=0.001;learn_rate_memory=0.0001;mom=0.7	tims_3_W_GPT2.py_95691462	712478284
0.4	0.75	6.7879	4.346486743868055	0.5387669078777286	dual_learn_rate=0.02;learn_rate_autoencoder=0.01;learn_rate_memory=5e-05;mom=0.9	ims_3_W_GPT2.py_988526835	727001672
0.55	1.0	8.845	4.4226988104723715	1.8530484528559683	dual_learn_rate=0.01;learn_rate_autoencoder=0.1;learn_rate_memory=2e-05;mom=0.9	ms_3_W_GPT2L.py_134885504	712478284
0.5	0.0	0.4171	5.0	0.4215303402544663	dual_learn_rate=0.2;learn_rate_autoencoder=0.01;learn_rate_memory=2e-05;mom=0.9	ms_3_W_GPT2L.py_232106617	516252642
0.3	0.0	0.0337	5.0	0.03430129864366676	dual_learn_rate=0.1;learn_rate_autoencoder=0.1;learn_rate_memory=0.0001;mom=0.7	ms_3_W_GPT2L.py_312646524	516252642
0.55	1.0	8.8452	4.424370181419929	1.9425565682345078	dual_learn_rate=0.3;learn_rate_autoencoder=0.2;learn_rate_memory=2e-05;mom=0.9	ms_3_W_GPT2L.py_377639532	647336050
0.4	0.0	0.2377	5.0	0.25145963222526957	dual_learn_rate=0.1;learn_rate_autoencoder=0.1;learn_rate_memory=2e-05;mom=0.7	ms_3_W_GPT2L.py_383055063	516252642
0.4	0.5	4.6453	4.355609940160079	0.3028220043672685	dual_learn_rate=0.1;learn_rate_autoencoder=0.1;learn_rate_memory=2e-05;mom=0.7	ms_3_W_GPT2L.py_501919901	524811876
0.4	1.0	8.7094	4.354735776518545	1.1645506244399009	dual_learn_rate=0.01;learn_rate_autoencoder=0.001;learn_rate_memory=2e-05;mom=0.5	ms_3_W_GPT2L.py_516946577	727001672
0.55	0.0	0.6705	5.0	0.656270619113109	dual_learn_rate=0.05;learn_rate_autoencoder=0.001;learn_rate_memory=5e-05;mom=0.7	ms_3_W_GPT2L.py_638587883	727001672
0.5	0.0	0.7939	5.0	0.7842742414799584	dual_learn_rate=0.02;learn_rate_autoencoder=0.001;learn_rate_memory=2e-05;mom=0.5	ms_3_W_GPT2L.py_673816541	727001672
0.3	0.0	0.0807	5.0	0.08111376148374844	dual_learn_rate=0.1;learn_rate_autoencoder=0.001;learn_rate_memory=5e-05;mom=0.5	ms_3_W_GPT2L.py_724469438	524811876
0.5	0.0	0.3661	5.0	0.35099817813306255	dual_learn_rate=0.1;learn_rate_autoencoder=0.01;learn_rate_memory=5e-05;mom=0.7	ms_3_W_GPT2L.py_869035155	727001672
0.55	0.0	0.7832	5.0	0.7946508195059057	dual_learn_rate=0.02;learn_rate_autoencoder=0.2;learn_rate_memory=5e-05;mom=0.5	ms_3_W_GPT2L.py_928882862	727001672
0.45	0.5	4.7873	4.38960294185907	0.3862233761750457	dual_learn_rate=0.3;learn_rate_autoencoder=0.1;learn_rate_memory=2e-05;mom=0.7	ms_3_W_GPT2L.py_964260883	727001672
0.55	0.0	0.8026	5.0	0.8015103906344523	dual_learn_rate=0.02;learn_rate_autoencoder=0.1;learn_rate_memory=2e-05;mom=0.9	s_3_W_GPT2LS.py_544037169	727001672
0.4	1.0	8.7191	4.359640774559239	1.0966561741812937	dual_learn_rate=0.3;learn_rate_autoencoder=0.01;learn_rate_memory=2e-05;mom=0.5	ms_3_W_GPT2M.py_145880090	712478284
0.3	0.0	0.0993	5.0	0.10124624030398861	dual_learn_rate=0.3;learn_rate_autoencoder=0.001;learn_rate_memory=2e-05;mom=0.7	ims_3_W_GPT2M.py_22953651	709961927
0.55	0.0	0.8538	5.0	0.8534798279342364	dual_learn_rate=0.2;learn_rate_autoencoder=0.1;learn_rate_memory=2e-05;mom=0.7	ms_3_W_GPT2M.py_265321503	647336050
0.5	0.0	0.4653	5.0	0.47113496703604585	dual_learn_rate=0.02;learn_rate_autoencoder=0.001;learn_rate_memory=1e-05;mom=0.9	ms_3_W_GPT2M.py_361044478	727001672
0.4	0.0	0.1529	5.0	0.1553772148334488	dual_learn_rate=0.05;learn_rate_autoencoder=0.001;learn_rate_memory=5e-05;mom=0.7	ms_3_W_GPT2M.py_366596346	524811876
0.45	0.5	4.7808	4.383145832707143	0.4035085593688035	dual_learn_rate=0.1;learn_rate_autoencoder=0.2;learn_rate_memory=2e-05;mom=0.9	ms_3_W_GPT2M.py_504467146	727001672
0.5	0.0	0.3754	5.0	0.38931765136750457	dual_learn_rate=0.2;learn_rate_autoencoder=0.001;learn_rate_memory=2e-05;mom=0.9	ims_3_W_GPT2M.py_51405139	709961927
0.4	0.75	6.8239	4.3460675015862416	0.6323386873400488	dual_learn_rate=0.02;learn_rate_autoencoder=0.2;learn_rate_memory=5e-05;mom=0.7	ms_3_W_GPT2M.py_515280252	516252642
0.5	0.0	0.3891	5.0	0.3888714571133459	dual_learn_rate=0.3;learn_rate_autoencoder=0.1;learn_rate_memory=5e-05;mom=0.9	ms_3_W_GPT2M.py_519605759	516252642
0.3	0.0	0.1027	5.0	0.10206879517674643	dual_learn_rate=0.02;learn_rate_autoencoder=0.1;learn_rate_memory=2e-05;mom=0.7	ms_3_W_GPT2M.py_535360738	727001672
0.5	0.0	0.6988	5.0	0.6975114716030728	dual_learn_rate=0.01;learn_rate_autoencoder=0.01;learn_rate_memory=2e-05;mom=0.5	ims_3_W_GPT2M.py_53616300	727001672
0.55	0.0	0.7196	5.0	0.7170440282616479	dual_learn_rate=0.02;learn_rate_autoencoder=0.1;learn_rate_memory=5e-05;mom=0.5	ms_3_W_GPT2M.py_621563051	516252642
0.5	0.0	0.723	5.0	0.7115097969098355	dual_learn_rate=0.1;learn_rate_autoencoder=0.01;learn_rate_memory=2e-05;mom=0.5	ms_3_W_GPT2M.py_644890575	524811876
0.5	0.0	0.3775	5.0	0.38807595405324347	dual_learn_rate=0.3;learn_rate_autoencoder=0.2;learn_rate_memory=5e-05;mom=0.7	ms_3_W_GPT2M.py_699487933	709961927
0.3	0.0	0.0923	5.0	0.09026971479553869	dual_learn_rate=0.01;learn_rate_autoencoder=0.001;learn_rate_memory=5e-05;mom=0.5	ms_3_W_GPT2M.py_775451423	709961927
0.5	0.0	0.4837	5.0	0.47995504086204016	dual_learn_rate=0.2;learn_rate_autoencoder=0.2;learn_rate_memory=5e-05;mom=0.7	ms_3_W_GPT2M.py_806868881	524811876
0.4	0.0	0.3511	5.0	0.34680279673516307	dual_learn_rate=0.3;learn_rate_autoencoder=0.2;learn_rate_memory=2e-05;mom=0.5	ms_3_W_GPT2M.py_837684779	524811876
0.4	0.0	0.1341	5.0	0.13777716266573606	dual_learn_rate=0.05;learn_rate_autoencoder=0.1;learn_rate_memory=0.0001;mom=0.5	ms_3_W_GPT2M.py_926355766	709961927
0.45	0.5	4.8967	4.365067329614	0.530631379232925	dual_learn_rate=0.02;learn_rate_autoencoder=0.2;learn_rate_memory=1e-05;mom=0.9	3_W_GPT2_Ent.py_114063112	516252642
0.4	0.5	4.4988	4.342036696059255	0.16058208389605685	dual_learn_rate=0.3;learn_rate_autoencoder=0.2;learn_rate_memory=5e-05;mom=0.7	3_W_GPT2_Ent.py_187931334	524811876
0.45	0.5	4.8638	4.3612397551307955	0.5051930546715372	dual_learn_rate=0.1;learn_rate_autoencoder=0.2;learn_rate_memory=5e-05;mom=0.9	3_W_GPT2_Ent.py_203605897	516252642
0.45	0.5	4.675	4.391614455373916	0.2950313780658684	dual_learn_rate=0.01;learn_rate_autoencoder=0.2;learn_rate_memory=5e-05;mom=0.7	_3_W_GPT2_Ent.py_38335504	524811876
0.4	0.5	4.6166	4.332289465194025	0.28920731698268753	dual_learn_rate=0.05;learn_rate_autoencoder=0.2;learn_rate_memory=0.0001;mom=0.7	3_W_GPT2_Ent.py_631278207	647336050
0.5	0.0	0.4378	5.0	0.43978402045996995	dual_learn_rate=0.02;learn_rate_autoencoder=0.2;learn_rate_memory=1e-05;mom=0.9	3_W_GPT2_Ent.py_863732042	727001672
0.5	0.5	5.2814	4.399182723717073	0.8855643442861302	dual_learn_rate=0.2;learn_rate_autoencoder=0.2;learn_rate_memory=1e-05;mom=0.9	3_W_GPT2_Ent.py_886803108	647336050
0.3	0.5	4.345	4.2970326146486855	0.049185874676776105	dual_learn_rate=0.2;learn_rate_autoencoder=0.2;learn_rate_memory=0.0001;mom=0.7	3_W_GPT2_Ent.py_944778188	712478284
0.55	0.0	0.7884	5.0	0.7835893340981497	dual_learn_rate=0.3;learn_rate_autoencoder=0.1;learn_rate_memory=2e-05;mom=0.7	mma_Bugfix_W.py_163191049	727001672
0.55	0.0	0.5516	5.0	0.548993303375027	dual_learn_rate=0.1;learn_rate_autoencoder=0.01;learn_rate_memory=0.0001;mom=0.7	mma_Bugfix_W.py_373506423	516252642
0.55	0.0	1.3477	5.0	1.3476464893485927	dual_learn_rate=0.2;learn_rate_autoencoder=0.2;learn_rate_memory=2e-06;mom=0.9	omma_Bugfix_W.py_56666925	524811876
0.55	0.0	0.6669	5.0	0.6728274279014864	dual_learn_rate=0.1;learn_rate_autoencoder=0.1;learn_rate_memory=5e-05;mom=0.7	mma_Bugfix_W.py_845446738	709961927
0.5	0.75	7.0351	4.391411099657484	0.8481473990848257	dual_learn_rate=0.01;learn_rate_autoencoder=0.1;learn_rate_memory=1e-05;mom=0.9	ugfix_W_GPT2.py_138679384	647336050
0.3	0.0	0.0661	5.0	0.06544460906716944	dual_learn_rate=0.05;learn_rate_autoencoder=0.001;learn_rate_memory=5e-05;mom=0.7	ugfix_W_GPT2.py_169538906	712478284
0.5	0.0	0.4856	5.0	0.48571837949799573	dual_learn_rate=0.05;learn_rate_autoencoder=0.1;learn_rate_memory=5e-05;mom=0.7	Bugfix_W_GPT2.py_23951702	727001672
0.5	0.75	6.9879	4.387235388537693	0.7792941711644349	dual_learn_rate=0.02;learn_rate_autoencoder=0.01;learn_rate_memory=5e-05;mom=0.7	ugfix_W_GPT2.py_262642183	516252642
0.65	0.25	4.8044	4.596556001829675	1.687465936252883	dual_learn_rate=0.1;learn_rate_autoencoder=0.01;learn_rate_memory=2e-05;mom=0.5	ugfix_W_GPT2.py_342090030	727001672
0.4	0.75	6.782	4.355426545066126	0.5272553616872863	dual_learn_rate=0.05;learn_rate_autoencoder=0.2;learn_rate_memory=1e-05;mom=0.9	Bugfix_W_GPT2.py_35211847	712478284
0.5	0.0	0.4022	5.0	0.41532915320075875	dual_learn_rate=0.1;learn_rate_autoencoder=0.01;learn_rate_memory=1e-05;mom=0.9	ugfix_W_GPT2.py_357713731	712478284
0.5	0.0	0.454	5.0	0.45537084867570266	dual_learn_rate=0.05;learn_rate_autoencoder=0.001;learn_rate_memory=2e-05;mom=0.9	ugfix_W_GPT2.py_373076803	516252642
0.65	1.0	9.0438	4.524277398667434	2.38717847415791	dual_learn_rate=0.2;learn_rate_autoencoder=0.1;learn_rate_memory=2e-05;mom=0.7	ugfix_W_GPT2.py_412342617	647336050
0.55	0.0	0.66	5.0	0.6793895899956035	dual_learn_rate=0.3;learn_rate_autoencoder=0.1;learn_rate_memory=1e-05;mom=0.9	ugfix_W_GPT2.py_423281508	516252642
0.3	0.5	4.4654	4.32573954755197	0.1460552167903532	dual_learn_rate=0.1;learn_rate_autoencoder=0.01;learn_rate_memory=2e-05;mom=0.5	ugfix_W_GPT2.py_429209534	712478284
0.65	0.25	4.7988	4.623480065668208	1.6953969870984285	dual_learn_rate=0.05;learn_rate_autoencoder=0.2;learn_rate_memory=0.0001;mom=0.9	ugfix_W_GPT2.py_448186307	727001672
0.5	0.25	3.1402	4.454133460948193	0.6038179609638216	dual_learn_rate=0.02;learn_rate_autoencoder=0.2;learn_rate_memory=0.0001;mom=0.9	ugfix_W_GPT2.py_457003171	524811876
0.3	0.75	6.5513	4.309000366265934	0.16743482967502843	dual_learn_rate=0.1;learn_rate_autoencoder=0.2;learn_rate_memory=2e-05;mom=0.7	ugfix_W_GPT2.py_464856430	524811876
0.6	0.0	1.0312	5.0	1.0345318007132291	dual_learn_rate=0.02;learn_rate_autoencoder=0.01;learn_rate_memory=5e-05;mom=0.5	ugfix_W_GPT2.py_503565859	524811876
0.3	0.0	0.0706	5.0	0.07087718523375441	dual_learn_rate=0.1;learn_rate_autoencoder=0.1;learn_rate_memory=1e-05;mom=0.9	ugfix_W_GPT2.py_517785750	516252642
0.65	0.75	7.9539	4.533776938078131	2.2671788442096252	dual_learn_rate=0.2;learn_rate_autoencoder=0.2;learn_rate_memory=1e-05;mom=0.7	ugfix_W_GPT2.py_528401309	712478284
0.4	0.5	4.5995	4.334067699070518	0.26782759439592585	dual_learn_rate=0.3;learn_rate_autoencoder=0.001;learn_rate_memory=0.0001;mom=0.7	ugfix_W_GPT2.py_542071313	516252642
0.55	0.0	0.7482	5.0	0.7377996715859746	dual_learn_rate=0.05;learn_rate_autoencoder=0.1;learn_rate_memory=1e-05;mom=0.9	ugfix_W_GPT2.py_545403548	712478284
0.3	0.5	4.3478	4.3016179483744965	0.04672071304830384	dual_learn_rate=0.05;learn_rate_autoencoder=0.1;learn_rate_memory=0.0001;mom=0.7	ugfix_W_GPT2.py_590300501	516252642
0.65	0.0	1.4789	5.0	1.4660623458059994	dual_learn_rate=0.05;learn_rate_autoencoder=0.1;learn_rate_memory=2e-05;mom=0.7	ugfix_W_GPT2.py_591332310	647336050
0.5	0.25	3.2729	4.435400166195149	0.7015861920752701	dual_learn_rate=0.1;learn_rate_autoencoder=0.2;learn_rate_memory=0.0001;mom=0.7	ugfix_W_GPT2.py_642150440	647336050
0.3	0.0	0.0208	5.0	0.021475853396417704	dual_learn_rate=0.1;learn_rate_autoencoder=0.001;learn_rate_memory=0.0001;mom=0.9	Bugfix_W_GPT2.py_75003681	727001672
0.55	0.0	1.1041	5.0	1.0957458127002273	dual_learn_rate=0.02;learn_rate_autoencoder=0.1;learn_rate_memory=1e-05;mom=0.7	ugfix_W_GPT2.py_930420754	709961927
0.65	0.75	7.6538	4.502445283463014	1.8137446906228083	dual_learn_rate=0.05;learn_rate_autoencoder=0.001;learn_rate_memory=2e-05;mom=0.9	ugfix_W_GPT2.py_932063949	516252642
0.6	0.25	4.1235	4.544640010271728	1.2313525658139703	dual_learn_rate=0.2;learn_rate_autoencoder=0.1;learn_rate_memory=5e-05;mom=0.5	ugfix_W_GPT2.py_986148457	516252642
0.55	0.0	0.6445	5.0	0.6434858083508957	dual_learn_rate=0.01;learn_rate_autoencoder=0.01;learn_rate_memory=2e-05;mom=0.9	ugfix_W_GPT2.py_991656049	516252642
0.4	0.0	0.1106	5.0	0.11272142221483929	dual_learn_rate=0.3;learn_rate_autoencoder=0.2;learn_rate_memory=0.0001;mom=0.9	gfix_W_GPT2L.py_386111529	727001672
0.55	0.25	3.2767	4.550715207704725	0.6532244295880856	dual_learn_rate=0.05;learn_rate_autoencoder=0.01;learn_rate_memory=2e-05;mom=0.9	ugfix_W_GPT2L.py_42587159	524811876
0.5	1.0	8.8055	4.403070694919076	1.7151992923433115	dual_learn_rate=0.1;learn_rate_autoencoder=0.2;learn_rate_memory=5e-05;mom=0.9	gfix_W_GPT2L.py_445259704	516252642
0.45	0.75	6.9359	4.361552662475972	0.7915285654794948	dual_learn_rate=0.3;learn_rate_autoencoder=0.1;learn_rate_memory=0.0001;mom=0.5	gfix_W_GPT2L.py_709471925	712478284
0.45	0.0	0.2456	5.0	0.2475536714626284	dual_learn_rate=0.2;learn_rate_autoencoder=0.2;learn_rate_memory=5e-05;mom=0.7	gfix_W_GPT2M.py_187607570	709961927
0.55	0.25	3.3878	4.529550942572923	0.7292698063780231	dual_learn_rate=0.2;learn_rate_autoencoder=0.1;learn_rate_memory=2e-05;mom=0.9	ugfix_W_GPT2M.py_36005247	709961927
0.5	0.25	2.8951	4.455384947257224	0.42846789754047954	dual_learn_rate=0.3;learn_rate_autoencoder=0.1;learn_rate_memory=5e-05;mom=0.7	gfix_W_GPT2M.py_523170987	516252642
0.55	0.5	5.4016	4.460123929044113	0.9662126451631233	dual_learn_rate=0.02;learn_rate_autoencoder=0.2;learn_rate_memory=0.0001;mom=0.5	gfix_W_GPT2M.py_530538048	712478284
0.55	0.75	7.2358	4.437788206427186	1.1559767742527824	dual_learn_rate=0.02;learn_rate_autoencoder=0.1;learn_rate_memory=0.0001;mom=0.5	gfix_W_GPT2M.py_740850230	712478284
0.4	0.25	2.3365	4.34193079058092	0.11087899807432687	dual_learn_rate=0.3;learn_rate_autoencoder=0.2;learn_rate_memory=5e-05;mom=0.9	gfix_W_GPT2M.py_925874526	647336050
0.4	1.0	8.8514	4.4257062860840195	1.5347625771774653	dual_learn_rate=0.05;learn_rate_autoencoder=0.01;learn_rate_memory=0.0001;mom=0.9	gfix_W_GPT2M.py_963683076	524811876
